category|count|columns|cmd|pid|time|counter|event
pdq_static|16777216|3|perf|6698|11654633.684149:|1|cache-misses:
pdq_static|16777216|3|perf|6698|11654633.684151:|1|branch-misses:
pdq_static|16777216|3|perf|6698|11654633.684162:|1|cache-misses:
pdq_static|16777216|3|perf|6698|11654633.684163:|1|branch-misses:
pdq_static|16777216|3|perf|6698|11654633.684168:|35|cache-misses:
pdq_static|16777216|3|perf|6698|11654633.684169:|42|branch-misses:
pdq_static|16777216|3|perf|6698|11654633.684174:|3700|branch-misses:
pdq_static|16777216|3|perf|6698|11654633.684180:|3008|cache-misses:
pdq_static|16777216|3|simulation|6698|11654633.684518:|345957|branch-misses:
pdq_static|16777216|3|simulation|6698|11654633.684540:|123523|cache-misses:
pdq_static|16777216|3|simulation|6698|11654633.716507:|25201|branch-misses:
pdq_static|16777216|3|simulation|6698|11654633.721154:|23503|branch-misses:
pdq_static|16777216|3|simulation|6698|11654633.725473:|22799|branch-misses:
pdq_static|16777216|3|simulation|6698|11654633.729744:|22196|branch-misses:
pdq_static|16777216|3|simulation|6698|11654633.733914:|21802|branch-misses:
pdq_static|16777216|3|simulation|6698|11654633.737883:|21873|branch-misses:
pdq_static|16777216|3|simulation|6698|11654633.741175:|3103|cache-misses:
pdq_static|16777216|3|simulation|6698|11654633.741956:|21729|branch-misses:
pdq_static|16777216|3|simulation|6698|11654633.745749:|2924|cache-misses:
pdq_static|16777216|3|simulation|6698|11654633.746058:|21490|branch-misses:
pdq_static|16777216|3|simulation|6698|11654633.750056:|2845|cache-misses:
pdq_static|16777216|3|simulation|6698|11654633.750086:|21427|branch-misses:
pdq_static|16777216|3|simulation|6698|11654633.754137:|21314|branch-misses:
pdq_static|16777216|3|simulation|6698|11654633.754297:|2788|cache-misses:
pdq_static|16777216|3|simulation|6698|11654633.758145:|21299|branch-misses:
pdq_static|16777216|3|simulation|6698|11654633.758485:|2742|cache-misses:
pdq_static|16777216|3|simulation|6698|11654633.762192:|21197|branch-misses:
pdq_static|16777216|3|simulation|6698|11654633.762605:|2720|cache-misses:
pdq_static|16777216|3|simulation|6698|11654633.766147:|21306|branch-misses:
pdq_static|16777216|3|simulation|6698|11654633.766567:|2692|cache-misses:
pdq_static|16777216|3|simulation|6698|11654633.770192:|21207|branch-misses:
pdq_static|16777216|3|simulation|6698|11654633.770633:|2682|cache-misses:
pdq_static|16777216|3|simulation|6698|11654633.774161:|21287|branch-misses:
pdq_static|16777216|3|simulation|6698|11654633.774613:|2683|cache-misses:
pdq_static|16777216|3|simulation|6698|11654633.778129:|21347|branch-misses:
pdq_static|16777216|3|simulation|6698|11654633.778621:|2720|cache-misses:
pdq_static|16777216|3|simulation|6698|11654633.782154:|21290|branch-misses:
pdq_static|16777216|3|simulation|6698|11654633.782730:|2706|cache-misses:
pdq_static|16777216|3|simulation|6698|11654633.785631:|22243|branch-misses:
pdq_static|16777216|3|simulation|6698|11654633.786064:|2858|cache-misses:
pdq_static|16777216|3|simulation|6698|11654633.789064:|23765|branch-misses:
pdq_static|16777216|3|simulation|6698|11654633.789632:|2972|cache-misses:
pdq_static|16777216|3|simulation|6698|11654633.792815:|24326|branch-misses:
pdq_static|16777216|3|simulation|6698|11654633.793298:|3128|cache-misses:
pdq_static|16777216|3|simulation|6698|11654633.796615:|24797|branch-misses:
pdq_static|16777216|3|simulation|6698|11654633.797086:|3190|cache-misses:
pdq_static|16777216|3|simulation|6698|11654633.800436:|25273|branch-misses:
pdq_static|16777216|3|simulation|6698|11654633.800982:|3223|cache-misses:
pdq_static|16777216|3|simulation|6698|11654633.804441:|25360|branch-misses:
pdq_static|16777216|3|simulation|6698|11654633.804935:|3239|cache-misses:
pdq_static|16777216|3|simulation|6698|11654633.808400:|25390|branch-misses:
pdq_static|16777216|3|simulation|6698|11654633.808962:|3246|cache-misses:
pdq_static|16777216|3|simulation|6698|11654633.812299:|25669|branch-misses:
pdq_static|16777216|3|simulation|6698|11654633.812578:|3377|cache-misses:
pdq_static|16777216|3|simulation|6698|11654633.816318:|25634|branch-misses:
pdq_static|16777216|3|simulation|6698|11654633.816791:|3326|cache-misses:
pdq_static|16777216|3|simulation|6698|11654633.820339:|25582|branch-misses:
pdq_static|16777216|3|simulation|6698|11654633.820729:|3342|cache-misses:
pdq_static|16777216|3|simulation|6698|11654633.824356:|25541|branch-misses:
pdq_static|16777216|3|simulation|6698|11654633.824807:|3304|cache-misses:
pdq_static|16777216|3|simulation|6698|11654633.828455:|25292|branch-misses:
pdq_static|16777216|3|simulation|6698|11654633.828861:|3279|cache-misses:
pdq_static|16777216|3|simulation|6698|11654633.832403:|25421|branch-misses:
pdq_static|16777216|3|simulation|6698|11654633.832939:|3254|cache-misses:
pdq_static|16777216|3|simulation|6698|11654633.836393:|25463|branch-misses:
pdq_static|16777216|3|simulation|6698|11654633.836904:|3248|cache-misses:
pdq_static|16777216|3|simulation|6698|11654633.840441:|25366|branch-misses:
pdq_static|16777216|3|simulation|6698|11654633.840890:|3250|cache-misses:
pdq_static|16777216|3|simulation|6698|11654633.844417:|25399|branch-misses:
pdq_static|16777216|3|simulation|6698|11654633.844871:|3295|cache-misses:
pdq_static|16777216|3|simulation|6698|11654633.848417:|25417|branch-misses:
pdq_static|16777216|3|simulation|6698|11654633.848885:|3296|cache-misses:
pdq_static|16777216|3|simulation|6698|11654633.852594:|25015|branch-misses:
pdq_static|16777216|3|simulation|6698|11654633.853054:|3231|cache-misses:
pdq_static|16777216|3|simulation|6698|11654633.856627:|24855|branch-misses:
pdq_static|16777216|3|simulation|6698|11654633.856948:|3253|cache-misses:
pdq_static|16777216|3|simulation|6698|11654633.860544:|25090|branch-misses:
pdq_static|16777216|3|simulation|6698|11654633.860982:|3257|cache-misses:
pdq_static|16777216|3|simulation|6698|11654633.864535:|25131|branch-misses:
pdq_static|16777216|3|simulation|6698|11654633.865057:|3250|cache-misses:
pdq_static|16777216|3|simulation|6698|11654633.868462:|25286|branch-misses:
pdq_static|16777216|3|simulation|6698|11654633.869015:|3258|cache-misses:
pdq_static|16777216|3|simulation|6698|11654633.872436:|25378|branch-misses:
pdq_static|16777216|3|simulation|6698|11654633.873042:|3261|cache-misses:
pdq_static|16777216|3|simulation|6698|11654633.876477:|25295|branch-misses:
pdq_static|16777216|3|simulation|6698|11654633.877105:|3251|cache-misses:
pdq_static|16777216|3|simulation|6698|11654633.880428:|25408|branch-misses:
pdq_static|16777216|3|simulation|6698|11654633.881095:|3253|cache-misses:
pdq_static|16777216|3|simulation|6698|11654633.884437:|25408|branch-misses:
pdq_static|16777216|3|simulation|6698|11654633.885097:|3254|cache-misses:
pdq_static|16777216|3|simulation|6698|11654633.888563:|25070|branch-misses:
pdq_static|16777216|3|simulation|6698|11654633.889152:|3238|cache-misses:
pdq_static|16777216|3|simulation|6698|11654633.892460:|25313|branch-misses:
pdq_static|16777216|3|simulation|6698|11654633.893115:|3254|cache-misses:
pdq_static|16777216|3|simulation|6698|11654633.896456:|25357|branch-misses:
pdq_static|16777216|3|simulation|6698|11654633.897103:|3250|cache-misses:
pdq_static|16777216|3|simulation|6698|11654633.900497:|25261|branch-misses:
pdq_static|16777216|3|simulation|6698|11654633.901072:|3248|cache-misses:
pdq_static|16777216|3|simulation|6698|11654633.904418:|25465|branch-misses:
pdq_static|16777216|3|simulation|6698|11654633.905048:|3262|cache-misses:
pdq_static|16777216|3|simulation|6698|11654633.908435:|25416|branch-misses:
pdq_static|16777216|3|simulation|6698|11654633.909021:|3252|cache-misses:
pdq_static|16777216|3|simulation|6698|11654633.912491:|25288|branch-misses:
pdq_static|16777216|3|simulation|6698|11654633.912851:|3345|cache-misses:
pdq_static|16777216|3|simulation|6698|11654633.916408:|25494|branch-misses:
pdq_static|16777216|3|simulation|6698|11654633.916967:|3283|cache-misses:
pdq_static|16777216|3|simulation|6698|11654633.920466:|25366|branch-misses:
pdq_static|16777216|3|simulation|6698|11654633.920934:|3301|cache-misses:
pdq_static|16777216|3|simulation|6698|11654633.924551:|25157|branch-misses:
pdq_static|16777216|3|simulation|6698|11654633.924969:|3304|cache-misses:
pdq_static|16777216|3|simulation|6698|11654633.928440:|25425|branch-misses:
pdq_static|16777216|3|simulation|6698|11654633.929044:|3297|cache-misses:
pdq_static|16777216|3|simulation|6698|11654633.932441:|25425|branch-misses:
pdq_static|16777216|3|simulation|6698|11654633.933131:|3287|cache-misses:
pdq_static|16777216|3|simulation|6698|11654633.936505:|25272|branch-misses:
pdq_static|16777216|3|simulation|6698|11654633.937155:|3286|cache-misses:
pdq_static|16777216|3|simulation|6698|11654633.940409:|25503|branch-misses:
pdq_static|16777216|3|simulation|6698|11654633.940795:|3395|cache-misses:
pdq_static|16777216|3|simulation|6698|11654633.944429:|25464|branch-misses:
pdq_static|16777216|3|simulation|6698|11654633.945028:|3319|cache-misses:
pdq_static|16777216|3|simulation|6698|11654633.948488:|25288|branch-misses:
pdq_static|16777216|3|simulation|6698|11654633.949299:|3230|cache-misses:
pdq_static|16777216|3|simulation|6698|11654633.952405:|25516|branch-misses:
pdq_static|16777216|3|simulation|6698|11654633.953418:|3177|cache-misses:
pdq_static|16777216|3|simulation|6698|11654633.956429:|25489|branch-misses:
pdq_static|16777216|3|simulation|6698|11654633.957566:|3139|cache-misses:
pdq_static|16777216|3|simulation|6698|11654633.960439:|25417|branch-misses:
pdq_static|16777216|3|simulation|6698|11654633.961689:|3105|cache-misses:
pdq_static|16777216|3|simulation|6698|11654633.964378:|25599|branch-misses:
pdq_static|16777216|3|simulation|6698|11654633.965665:|3130|cache-misses:
pdq_static|16777216|3|simulation|6698|11654633.968396:|25550|branch-misses:
pdq_static|16777216|3|simulation|6698|11654633.969630:|3136|cache-misses:
pdq_static|16777216|3|simulation|6698|11654633.972453:|25372|branch-misses:
pdq_static|16777216|3|simulation|6698|11654633.973701:|3121|cache-misses:
pdq_static|16777216|3|simulation|6698|11654633.976388:|25555|branch-misses:
pdq_static|16777216|3|simulation|6698|11654633.977644:|3122|cache-misses:
pdq_static|16777216|3|simulation|6698|11654633.980415:|25509|branch-misses:
pdq_static|16777216|3|simulation|6698|11654633.981725:|3120|cache-misses:
pdq_static|16777216|3|simulation|6698|11654633.984457:|25380|branch-misses:
pdq_static|16777216|3|simulation|6698|11654633.985837:|3103|cache-misses:
pdq_static|16777216|3|simulation|6698|11654633.988407:|25529|branch-misses:
pdq_static|16777216|3|simulation|6698|11654633.989808:|3086|cache-misses:
pdq_static|16777216|3|simulation|6698|11654633.992430:|25495|branch-misses:
pdq_static|16777216|3|simulation|6698|11654633.993771:|3092|cache-misses:
pdq_static|16777216|3|simulation|6698|11654633.996461:|25379|branch-misses:
pdq_static|16777216|3|simulation|6698|11654633.997737:|3086|cache-misses:
pdq_static|16777216|3|simulation|6698|11654634.000416:|25521|branch-misses:
pdq_static|16777216|3|simulation|6698|11654634.001719:|3089|cache-misses:
pdq_static|16777216|3|simulation|6698|11654634.004446:|25469|branch-misses:
pdq_static|16777216|3|simulation|6698|11654634.005008:|3123|cache-misses:
pdq_static|16777216|3|simulation|6698|11654634.005075:|3123|cache-misses:
pdq_static|16777216|3|simulation|6698|11654634.005135:|26307|cache-misses:
pdq_static|16777216|3|simulation|6698|11654634.005641:|241414|cache-misses:
pdq_static|16777216|3|simulation|6698|11654634.010294:|331345|cache-misses:
pdq_static|16777216|3|simulation|6698|11654634.016452:|11775|branch-misses:
pdq_static|16777216|3|simulation|6698|11654634.016688:|263030|cache-misses:
pdq_static|16777216|3|simulation|6698|11654634.021758:|235946|cache-misses:
pdq_static|16777216|3|simulation|6698|11654634.022645:|9463|branch-misses:
pdq_static|16777216|3|simulation|6698|11654634.026335:|221674|cache-misses:
pdq_static|16777216|3|simulation|6698|11654634.027620:|8581|branch-misses:
pdq_static|16777216|3|simulation|6698|11654634.030618:|215585|cache-misses:
pdq_static|16777216|3|simulation|6698|11654634.032078:|8143|branch-misses:
pdq_static|16777216|3|simulation|6698|11654634.034804:|211729|cache-misses:
pdq_static|16777216|3|simulation|6698|11654634.036371:|7946|branch-misses:
pdq_static|16777216|3|simulation|6698|11654634.038911:|209479|cache-misses:
pdq_static|16777216|3|simulation|6698|11654634.040597:|7773|branch-misses:
pdq_static|16777216|3|simulation|6698|11654634.042984:|207910|cache-misses:
pdq_static|16777216|3|simulation|6698|11654634.044607:|7725|branch-misses:
pdq_static|16777216|3|simulation|6698|11654634.047008:|207389|cache-misses:
pdq_static|16777216|3|simulation|6698|11654634.048566:|7770|branch-misses:
pdq_static|16777216|3|simulation|6698|11654634.051009:|207501|cache-misses:
pdq_static|16777216|3|simulation|6698|11654634.052645:|7746|branch-misses:
pdq_static|16777216|3|simulation|6698|11654634.055029:|207062|cache-misses:
pdq_static|16777216|3|simulation|6698|11654634.056696:|7676|branch-misses:
pdq_static|16777216|3|simulation|6698|11654634.059041:|206854|cache-misses:
pdq_static|16777216|3|simulation|6698|11654634.060733:|7648|branch-misses:
pdq_static|16777216|3|simulation|6698|11654634.063036:|206975|cache-misses:
pdq_static|16777216|3|simulation|6698|11654634.064734:|7682|branch-misses:
pdq_static|16777216|3|simulation|6698|11654634.067037:|206946|cache-misses:
pdq_static|16777216|3|simulation|6698|11654634.068889:|7609|branch-misses:
pdq_static|16777216|3|simulation|6698|11654634.071069:|206305|cache-misses:
pdq_static|16777216|3|simulation|6698|11654634.072742:|7590|branch-misses:
pdq_static|16777216|3|simulation|6698|11654634.075073:|206362|cache-misses:
pdq_static|16777216|3|simulation|6698|11654634.076790:|7656|branch-misses:
pdq_static|16777216|3|simulation|6698|11654634.079091:|206000|cache-misses:
pdq_static|16777216|3|simulation|6698|11654634.080800:|7628|branch-misses:
pdq_static|16777216|3|simulation|6698|11654634.083078:|206252|cache-misses:
pdq_static|16777216|3|simulation|6698|11654634.084743:|7653|branch-misses:
pdq_static|16777216|3|simulation|6698|11654634.087062:|206725|cache-misses:
pdq_static|16777216|3|simulation|6698|11654634.088777:|7656|branch-misses:
pdq_static|16777216|3|simulation|6698|11654634.091053:|206955|cache-misses:
pdq_static|16777216|3|simulation|6698|11654634.092854:|7618|branch-misses:
pdq_static|16777216|3|simulation|6698|11654634.095066:|206695|cache-misses:
pdq_static|16777216|3|simulation|6698|11654634.096875:|7595|branch-misses:
pdq_static|16777216|3|simulation|6698|11654634.099069:|206802|cache-misses:
pdq_static|16777216|3|simulation|6698|11654634.100911:|7578|branch-misses:
pdq_static|16777216|3|simulation|6698|11654634.103206:|203973|cache-misses:
pdq_static|16777216|3|simulation|6698|11654634.105450:|7131|branch-misses:
pdq_static|16777216|3|simulation|6698|11654634.111308:|6101|branch-misses:
pdq_static|16777216|3|simulation|6698|11654634.111962:|122803|cache-misses:
pdq_static|16777216|3|simulation|6698|11654636.115138:|5956|branch-misses:
pdq_static|16777216|3|simulation|6698|11654636.116293:|117980|cache-misses:
pdq_static|16777216|3|simulation|6698|11654636.116589:|7260|branch-misses:
pdq_static|16777216|3|simulation|6698|11654636.118410:|10549|branch-misses:
pdq_static|16777216|3|simulation|6698|11654636.118917:|132183|cache-misses:
pdq_static|16777216|3|simulation|6698|11654636.121128:|13283|branch-misses:
pdq_static|16777216|3|simulation|6698|11654636.121777:|149413|cache-misses:
pdq_static|16777216|3|simulation|6698|11654636.124496:|14077|branch-misses:
pdq_static|16777216|3|simulation|6698|11654636.125004:|164459|cache-misses:
pdq_static|16777216|3|simulation|6698|11654636.126614:|15740|branch-misses:
pdq_static|16777216|3|simulation|6698|11654636.126821:|181888|cache-misses:
pdq_static|16777216|3|simulation|6698|11654636.128426:|20250|branch-misses:
pdq_static|16777216|3|simulation|6698|11654636.128552:|258527|cache-misses:
pdq_static|16777216|3|simulation|6698|11654636.130707:|26099|branch-misses:
pdq_static|16777216|3|simulation|6698|11654636.131009:|341068|cache-misses:
pdq_static|16777216|3|simulation|6698|11654636.133697:|28986|branch-misses:
pdq_static|16777216|3|simulation|6698|11654636.134247:|367241|cache-misses:
pdq_static|16777216|3|simulation|6698|11654636.136984:|31718|branch-misses:
pdq_static|16777216|3|simulation|6698|11654636.137711:|386431|cache-misses:
pdq_static|16777216|3|simulation|6698|11654636.140540:|32974|branch-misses:
pdq_static|16777216|3|simulation|6698|11654636.141291:|404315|cache-misses:
pdq_static|16777216|3|simulation|6698|11654636.144172:|34411|branch-misses:
pdq_static|16777216|3|simulation|6698|11654636.144991:|418175|cache-misses:
pdq_static|16777216|3|simulation|6698|11654636.147963:|35211|branch-misses:
pdq_static|16777216|3|simulation|6698|11654636.148782:|425386|cache-misses:
pdq_static|16777216|3|simulation|6698|11654636.151761:|35851|branch-misses:
pdq_static|16777216|3|simulation|6698|11654636.152609:|432482|cache-misses:
pdq_static|16777216|3|simulation|6698|11654636.155571:|36482|branch-misses:
pdq_static|16777216|3|simulation|6698|11654636.156455:|439728|cache-misses:
pdq_static|16777216|3|simulation|6698|11654636.159415:|37093|branch-misses:
pdq_static|16777216|3|simulation|6698|11654636.160324:|444802|cache-misses:
pdq_static|16777216|3|simulation|6698|11654636.163517:|36836|branch-misses:
pdq_static|16777216|3|simulation|6698|11654636.164024:|459908|cache-misses:
pdq_static|16777216|3|simulation|6698|11654636.167611:|36479|branch-misses:
pdq_static|16777216|3|simulation|6698|11654636.167798:|468869|cache-misses:
pdq_static|16777216|3|simulation|6698|11654636.171611:|477900|cache-misses:
pdq_static|16777216|3|simulation|6698|11654636.171627:|36459|branch-misses:
pdq_static|16777216|3|simulation|6698|11654636.175493:|484270|cache-misses:
pdq_static|16777216|3|simulation|6698|11654636.175624:|36528|branch-misses:
pdq_static|16777216|3|simulation|6698|11654636.179432:|487132|cache-misses:
pdq_static|16777216|3|simulation|6698|11654636.179640:|36482|branch-misses:
pdq_static|16777216|3|simulation|6698|11654636.183360:|491103|cache-misses:
pdq_static|16777216|3|simulation|6698|11654636.183597:|36623|branch-misses:
pdq_static|16777216|3|simulation|6698|11654636.187455:|37152|branch-misses:
pdq_static|16777216|3|simulation|6698|11654636.187599:|481596|cache-misses:
pdq_static|16777216|3|simulation|6698|11654636.191417:|37298|branch-misses:
pdq_static|16777216|3|simulation|6698|11654636.191551:|483666|cache-misses:
pdq_static|16777216|3|simulation|6698|11654636.195223:|37939|branch-misses:
pdq_static|16777216|3|simulation|6698|11654636.195771:|481870|cache-misses:
pdq_static|16777216|3|simulation|6698|11654636.199039:|38691|branch-misses:
pdq_static|16777216|3|simulation|6698|11654636.200014:|460983|cache-misses:
pdq_static|16777216|3|simulation|6698|11654636.202227:|41725|branch-misses:
pdq_static|16777216|3|simulation|6698|11654636.203141:|50249|branch-misses:
pdq_static|16777216|3|simulation|6698|11654636.203642:|71451|branch-misses:
pdq_static|16777216|3|simulation|6698|11654636.204394:|166948|branch-misses:
pdq_static|16777216|3|simulation|6698|11654636.206200:|281600|branch-misses:
pdq_static|16777216|3|simulation|6698|11654636.209404:|331086|branch-misses:
pdq_static|16777216|3|simulation|6698|11654636.213083:|346749|branch-misses:
pdq_static|16777216|3|simulation|6698|11654636.216878:|359665|branch-misses:
pdq_static|16777216|3|simulation|6698|11654636.220735:|356465|branch-misses:
pdq_static|16777216|3|simulation|6698|11654636.224099:|32831|cache-misses:
pdq_static|16777216|3|simulation|6698|11654636.224363:|32831|cache-misses:
pdq_static|16777216|3|simulation|6698|11654636.224638:|90950|cache-misses:
pdq_static|16777216|3|simulation|6698|11654636.225442:|274224|cache-misses:
pdq_static|16777216|3|simulation|6698|11654636.226877:|288891|branch-misses:
pdq_static|16777216|3|simulation|6698|11654636.229978:|307569|branch-misses:
pdq_static|16777216|3|simulation|6698|11654636.233218:|330742|branch-misses:
pdq_static|16777216|3|simulation|6698|11654636.236817:|342610|branch-misses:
pdq_static|16777216|3|simulation|6698|11654636.240668:|351753|branch-misses:
pdq_static|16777216|3|simulation|6698|11654636.245721:|315131|branch-misses:
pdq_static|16777216|3|simulation|6698|11654636.249218:|325350|branch-misses:
pdq_static|16777216|3|simulation|6698|11654636.253021:|329678|branch-misses:
pdq_static|16777216|3|simulation|6698|11654636.256557:|342319|branch-misses:
pdq_static|16777216|3|simulation|6698|11654636.260200:|356396|branch-misses:
pdq_static|16777216|3|simulation|6698|11654636.264293:|353033|branch-misses:
pdq_static|16777216|3|simulation|6698|11654636.267511:|15658|cache-misses:
pdq_static|16777216|3|simulation|6698|11654636.267638:|15658|cache-misses:
pdq_static|16777216|3|simulation|6698|11654636.267765:|75101|cache-misses:
pdq_static|16777216|3|simulation|6698|11654636.268341:|352826|cache-misses:
pdq_static|16777216|3|simulation|6698|11654636.270666:|274107|branch-misses:
pdq_static|16777216|3|simulation|6698|11654636.273557:|289243|branch-misses:
pdq_static|16777216|3|simulation|6698|11654636.276685:|317560|branch-misses:
pdq_static|16777216|3|simulation|6698|11654636.280913:|304276|branch-misses:
pdq_static|16777216|3|simulation|6698|11654636.284340:|322229|branch-misses:
pdq_static|16777216|3|simulation|6698|11654636.287795:|338290|branch-misses:
pdq_static|16777216|3|simulation|6698|11654636.291443:|351072|branch-misses:
pdq_static|16777216|3|simulation|6698|11654636.295137:|364008|branch-misses:
pdq_static|16777216|3|simulation|6698|11654636.295984:|53598|cache-misses:
pdq_static|16777216|3|simulation|6698|11654636.296540:|53598|cache-misses:
pdq_static|16777216|3|simulation|6698|11654636.299944:|335643|branch-misses:
pdq_static|16777216|3|simulation|6698|11654636.303537:|351449|branch-misses:
pdq_static|16777216|3|simulation|6698|11654636.307758:|345294|branch-misses:
pdq_static|16777216|3|simulation|6698|11654636.311625:|349807|branch-misses:
pdq_static|16777216|3|simulation|6698|11654636.314549:|18563|cache-misses:
pdq_static|16777216|3|simulation|6698|11654636.314695:|18563|cache-misses:
pdq_static|16777216|3|simulation|6698|11654636.314845:|79492|cache-misses:
pdq_static|16777216|3|simulation|6698|11654636.315466:|319960|cache-misses:
pdq_static|16777216|3|simulation|6698|11654636.317907:|534058|cache-misses:
pdq_static|16777216|3|simulation|6698|11654636.321437:|178773|branch-misses:
pdq_static|16777216|3|simulation|6698|11654636.322027:|527478|cache-misses:
pdq_static|16777216|3|simulation|6698|11654636.325214:|178222|branch-misses:
pdq_static|16777216|3|simulation|6698|11654636.327135:|224138|branch-misses:
pdq_static|16777216|3|simulation|6698|11654636.330523:|267683|branch-misses:
pdq_static|16777216|3|simulation|6698|11654636.333511:|284956|branch-misses:
pdq_static|16777216|3|simulation|6698|11654636.336610:|318784|branch-misses:
pdq_static|16777216|3|simulation|6698|11654636.339981:|338273|branch-misses:
pdq_static|16777216|3|simulation|6698|11654636.343628:|347660|branch-misses:
pdq_static|16777216|3|simulation|6698|11654636.347379:|36515|cache-misses:
pdq_static|16777216|3|simulation|6698|11654636.347669:|36515|cache-misses:
pdq_static|16777216|3|simulation|6698|11654636.348028:|136182|cache-misses:
pdq_static|16777216|3|simulation|6698|11654636.348497:|328982|branch-misses:
pdq_static|16777216|3|simulation|6698|11654636.352350:|319996|branch-misses:
pdq_static|16777216|3|simulation|6698|11654636.355826:|335820|branch-misses:
pdq_static|16777216|3|simulation|6698|11654636.359937:|331815|branch-misses:
pdq_static|16777216|3|simulation|6698|11654636.363624:|345208|branch-misses:
pdq_static|16777216|3|simulation|6698|11654636.367735:|343970|branch-misses:
pdq_static|16777216|3|simulation|6698|11654636.371315:|27614|cache-misses:
pdq_static|16777216|3|simulation|6698|11654636.371530:|27614|cache-misses:
pdq_static|16777216|3|simulation|6698|11654636.371743:|88149|cache-misses:
pdq_static|16777216|3|simulation|6698|11654636.372426:|308431|cache-misses:
pdq_static|16777216|3|simulation|6698|11654636.373727:|285603|branch-misses:
pdq_static|16777216|3|simulation|6698|11654636.374765:|502306|cache-misses:
pdq_static|16777216|3|simulation|6698|11654636.381484:|199974|branch-misses:
pdq_static|16777216|3|simulation|6698|11654636.383562:|240092|branch-misses:
pdq_static|16777216|3|simulation|6698|11654636.386287:|278197|branch-misses:
pdq_static|16777216|3|simulation|6698|11654636.389353:|307292|branch-misses:
pdq_static|16777216|3|simulation|6698|11654636.392795:|332762|branch-misses:
pdq_static|16777216|3|simulation|6698|11654636.396332:|345080|branch-misses:
pdq_static|16777216|3|simulation|6698|11654636.397700:|45632|cache-misses:
pdq_static|16777216|3|simulation|6698|11654636.398123:|71418|cache-misses:
pdq_static|16777216|3|simulation|6698|11654636.398697:|146921|cache-misses:
pdq_static|16777216|3|simulation|6698|11654636.401543:|303355|branch-misses:
pdq_static|16777216|3|simulation|6698|11654636.404733:|327707|branch-misses:
pdq_static|16777216|3|simulation|6698|11654636.406746:|121980|cache-misses:
pdq_static|16777216|3|simulation|6698|11654636.410133:|290052|branch-misses:
pdq_static|16777216|3|simulation|6698|11654636.413186:|319262|branch-misses:
pdq_static|16777216|3|simulation|6698|11654636.416625:|334241|branch-misses:
pdq_static|16777216|3|simulation|6698|11654636.420116:|354868|branch-misses:
pdq_static|16777216|3|simulation|6698|11654636.424552:|340136|branch-misses:
pdq_static|16777216|3|simulation|6698|11654636.428291:|353123|branch-misses:
pdq_static|16777216|3|simulation|6698|11654636.429855:|21946|cache-misses:
pdq_static|16777216|3|simulation|6698|11654636.432282:|352227|branch-misses:
pdq_static|16777216|3|simulation|6698|11654636.435942:|362521|branch-misses:
pdq_static|16777216|3|simulation|6698|11654636.436649:|11553|cache-misses:
pdq_static|16777216|3|simulation|6698|11654636.436746:|11553|cache-misses:
pdq_static|16777216|3|simulation|6698|11654636.436842:|69503|cache-misses:
pdq_static|16777216|3|simulation|6698|11654636.437389:|395435|cache-misses:
pdq_static|16777216|3|simulation|6698|11654636.442632:|282509|branch-misses:
pdq_static|16777216|3|simulation|6698|11654636.445598:|316264|branch-misses:
pdq_static|16777216|3|simulation|6698|11654636.449124:|335848|branch-misses:
pdq_static|16777216|3|simulation|6698|11654636.452199:|182485|cache-misses:
pdq_static|16777216|3|simulation|6698|11654636.453678:|224589|cache-misses:
pdq_static|16777216|3|simulation|6698|11654636.455777:|237223|branch-misses:
pdq_static|16777216|3|simulation|6698|11654636.458352:|279752|branch-misses:
pdq_static|16777216|3|simulation|6698|11654636.461360:|308385|branch-misses:
pdq_static|16777216|3|simulation|6698|11654636.465516:|306540|branch-misses:
pdq_static|16777216|3|simulation|6698|11654636.468779:|324293|branch-misses:
pdq_static|16777216|3|simulation|6698|11654636.472647:|320477|branch-misses:
pdq_static|16777216|3|simulation|6698|11654636.475963:|348999|branch-misses:
pdq_static|16777216|3|simulation|6698|11654636.480071:|348509|branch-misses:
pdq_static|16777216|3|simulation|6698|11654636.483787:|355875|branch-misses:
pdq_static|16777216|3|simulation|6698|11654636.486097:|29744|cache-misses:
pdq_static|16777216|3|simulation|6698|11654636.486340:|29744|cache-misses:
pdq_static|16777216|3|simulation|6698|11654636.486740:|87431|cache-misses:
pdq_static|16777216|3|simulation|6698|11654636.489089:|311450|branch-misses:
pdq_static|16777216|3|simulation|6698|11654636.492405:|332408|branch-misses:
pdq_static|16777216|3|simulation|6698|11654636.495878:|347242|branch-misses:
pdq_static|16777216|3|simulation|6698|11654636.499837:|353748|branch-misses:
pdq_static|16777216|3|simulation|6698|11654636.503617:|361050|branch-misses:
pdq_static|16777216|3|simulation|6698|11654636.505552:|27165|cache-misses:
pdq_static|16777216|3|simulation|6698|11654636.505769:|27165|cache-misses:
pdq_static|16777216|3|simulation|6698|11654636.505998:|116332|cache-misses:
pdq_static|16777216|3|simulation|6698|11654636.506879:|355944|cache-misses:
pdq_static|16777216|3|simulation|6698|11654636.509587:|517290|cache-misses:
pdq_static|16777216|3|simulation|6698|11654636.513514:|521615|cache-misses:
pdq_static|16777216|3|simulation|6698|11654636.517487:|523479|cache-misses:
pdq_static|16777216|3|simulation|6698|11654636.521609:|517712|cache-misses:
pdq_static|16777216|3|simulation|6698|11654636.523967:|70682|branch-misses:
pdq_static|16777216|3|simulation|6698|11654636.525768:|70443|branch-misses:
pdq_static|16777216|3|simulation|6698|11654636.526533:|106202|branch-misses:
pdq_static|16777216|3|simulation|6698|11654636.527604:|188644|branch-misses:
pdq_static|16777216|3|simulation|6698|11654636.529890:|269858|branch-misses:
pdq_static|16777216|3|simulation|6698|11654636.532924:|298447|branch-misses:
pdq_static|16777216|3|simulation|6698|11654636.536167:|327865|branch-misses:
pdq_static|16777216|3|simulation|6698|11654636.539686:|340736|branch-misses:
pdq_static|16777216|3|simulation|6698|11654636.543288:|357700|branch-misses:
pdq_static|16777216|3|simulation|6698|11654636.547981:|327017|branch-misses:
pdq_static|16777216|3|simulation|6698|11654636.551477:|341838|branch-misses:
pdq_static|16777216|3|simulation|6698|11654636.555367:|345472|branch-misses:
pdq_static|16777216|3|simulation|6698|11654636.559252:|346107|branch-misses:
pdq_static|16777216|3|simulation|6698|11654636.562918:|357970|branch-misses:
pdq_static|16777216|3|simulation|6698|11654636.565016:|60835|cache-misses:
pdq_static|16777216|3|simulation|6698|11654636.565494:|60835|cache-misses:
pdq_static|16777216|3|simulation|6698|11654636.565983:|165004|cache-misses:
pdq_static|16777216|3|simulation|6698|11654636.567330:|337929|cache-misses:
pdq_static|16777216|3|simulation|6698|11654636.570804:|237054|branch-misses:
pdq_static|16777216|3|simulation|6698|11654636.573393:|279531|branch-misses:
pdq_static|16777216|3|simulation|6698|11654636.576573:|303107|branch-misses:
pdq_static|16777216|3|simulation|6698|11654636.579780:|329059|branch-misses:
pdq_static|16777216|3|simulation|6698|11654636.584274:|315925|branch-misses:
pdq_static|16777216|3|simulation|6698|11654636.587603:|335485|branch-misses:
pdq_static|16777216|3|simulation|6698|11654636.591619:|331896|branch-misses:
pdq_static|16777216|3|simulation|6698|11654636.595112:|351924|branch-misses:
pdq_static|16777216|3|simulation|6698|11654636.598987:|358939|branch-misses:
pdq_static|16777216|3|simulation|6698|11654636.600998:|52217|cache-misses:
pdq_static|16777216|3|simulation|6698|11654636.601392:|52217|cache-misses:
pdq_static|16777216|3|simulation|6698|11654636.601791:|111894|cache-misses:
pdq_static|16777216|3|simulation|6698|11654636.602764:|273279|cache-misses:
pdq_static|16777216|3|simulation|6698|11654636.605524:|273938|branch-misses:
pdq_static|16777216|3|simulation|6698|11654636.608581:|302710|branch-misses:
pdq_static|16777216|3|simulation|6698|11654636.611977:|326205|branch-misses:
pdq_static|16777216|3|simulation|6698|11654636.615933:|319703|branch-misses:
pdq_static|16777216|3|simulation|6698|11654636.619780:|326987|branch-misses:
pdq_static|16777216|3|simulation|6698|11654636.623671:|337651|branch-misses:
pdq_static|16777216|3|simulation|6698|11654636.627550:|335959|branch-misses:
pdq_static|16777216|3|simulation|6698|11654636.631214:|15780|cache-misses:
pdq_static|16777216|3|simulation|6698|11654636.631284:|351931|branch-misses:
pdq_static|16777216|3|simulation|6698|11654636.631350:|15780|cache-misses:
pdq_static|16777216|3|simulation|6698|11654636.631477:|71704|cache-misses:
pdq_static|16777216|3|simulation|6698|11654636.635704:|331410|branch-misses:
pdq_static|16777216|3|simulation|6698|11654636.639172:|353822|branch-misses:
pdq_static|16777216|3|simulation|6698|11654636.643159:|356259|branch-misses:
pdq_static|16777216|3|simulation|6698|11654636.643270:|88933|cache-misses:
pdq_static|16777216|3|simulation|6698|11654636.646628:|60428|cache-misses:
pdq_static|16777216|3|simulation|6698|11654636.647103:|117939|cache-misses:
pdq_static|16777216|3|simulation|6698|11654636.648004:|264456|cache-misses:
pdq_static|16777216|3|simulation|6698|11654636.650014:|412975|cache-misses:
pdq_static|16777216|3|simulation|6698|11654636.653139:|451155|cache-misses:
pdq_static|16777216|3|simulation|6698|11654636.655127:|138104|branch-misses:
pdq_static|16777216|3|simulation|6698|11654636.656706:|468565|cache-misses:
pdq_static|16777216|3|simulation|6698|11654636.661273:|107197|branch-misses:
pdq_static|16777216|3|simulation|6698|11654636.662405:|140715|branch-misses:
pdq_static|16777216|3|simulation|6698|11654636.663880:|211734|branch-misses:
pdq_static|16777216|3|simulation|6698|11654636.666220:|292190|branch-misses:
pdq_static|16777216|3|simulation|6698|11654636.669045:|169864|cache-misses:
pdq_static|16777216|3|simulation|6698|11654636.670896:|272789|branch-misses:
pdq_static|16777216|3|simulation|6698|11654636.673830:|295924|branch-misses:
pdq_static|16777216|3|simulation|6698|11654636.677030:|324393|branch-misses:
pdq_static|16777216|3|simulation|6698|11654636.680789:|324032|branch-misses:
pdq_static|16777216|3|simulation|6698|11654636.684216:|346561|branch-misses:
pdq_static|16777216|3|simulation|6698|11654636.688228:|354387|branch-misses:
pdq_static|16777216|3|simulation|6698|11654636.692320:|351854|branch-misses:
pdq_static|16777216|3|simulation|6698|11654636.696000:|359369|branch-misses:
pdq_static|16777216|3|simulation|6698|11654636.697470:|15648|cache-misses:
pdq_static|16777216|3|simulation|6698|11654636.697598:|15648|cache-misses:
pdq_static|16777216|3|simulation|6698|11654636.697729:|74727|cache-misses:
pdq_static|16777216|3|simulation|6698|11654636.698327:|359856|cache-misses:
pdq_static|16777216|3|simulation|6698|11654636.701342:|580424|cache-misses:
pdq_static|16777216|3|simulation|6698|11654636.703733:|245522|branch-misses:
pdq_static|16777216|3|simulation|6698|11654636.706743:|285914|branch-misses:
pdq_static|16777216|3|simulation|6698|11654636.709771:|306489|branch-misses:
pdq_static|16777216|3|simulation|6698|11654636.712925:|329305|branch-misses:
pdq_static|16777216|3|simulation|6698|11654636.716631:|346886|branch-misses:
pdq_static|16777216|3|simulation|6698|11654636.724030:|254157|cache-misses:
pdq_static|16777216|3|simulation|6698|11654636.724882:|219753|branch-misses:
pdq_static|16777216|3|simulation|6698|11654636.727168:|246158|branch-misses:
pdq_static|16777216|3|simulation|6698|11654636.729905:|272631|branch-misses:
pdq_static|16777216|3|simulation|6698|11654636.733224:|295718|branch-misses:
pdq_static|16777216|3|simulation|6698|11654636.736302:|324268|branch-misses:
pdq_static|16777216|3|simulation|6698|11654636.739971:|338232|branch-misses:
pdq_static|16777216|3|simulation|6698|11654636.743543:|350821|branch-misses:
pdq_static|16777216|3|simulation|6698|11654636.745432:|23475|cache-misses:
pdq_static|16777216|3|simulation|6698|11654636.745644:|23475|cache-misses:
pdq_static|16777216|3|simulation|6698|11654636.745867:|75929|cache-misses:
pdq_static|16777216|3|simulation|6698|11654636.748599:|313075|branch-misses:
pdq_static|16777216|3|simulation|6698|11654636.749388:|190010|cache-misses:
pdq_static|16777216|3|simulation|6698|11654636.752190:|330168|branch-misses:
pdq_static|16777216|3|simulation|6698|11654636.755812:|339138|branch-misses:
pdq_static|16777216|3|simulation|6698|11654636.760125:|327740|branch-misses:
pdq_static|16777216|3|simulation|6698|11654636.763647:|339924|branch-misses:
pdq_static|16777216|3|simulation|6698|11654636.767576:|341626|branch-misses:
pdq_static|16777216|3|simulation|6698|11654636.771246:|351808|branch-misses:
pdq_static|16777216|3|simulation|6698|11654636.774898:|363229|branch-misses:
pdq_static|16777216|3|simulation|6698|11654636.775809:|14920|cache-misses:
pdq_static|16777216|3|simulation|6698|11654636.779614:|341137|branch-misses:
pdq_static|16777216|3|simulation|6698|11654636.781004:|34129|cache-misses:
pdq_static|16777216|3|simulation|6698|11654636.783424:|348388|branch-misses:
pdq_static|16777216|3|simulation|6698|11654636.784759:|37655|cache-misses:
pdq_static|16777216|3|simulation|6698|11654636.787318:|352966|branch-misses:
pdq_static|16777216|3|simulation|6698|11654636.789748:|21579|cache-misses:
pdq_static|16777216|3|simulation|6698|11654636.789924:|21579|cache-misses:
pdq_static|16777216|3|simulation|6698|11654636.790108:|97926|cache-misses:
pdq_static|16777216|3|simulation|6698|11654636.790855:|351744|cache-misses:
pdq_static|16777216|3|simulation|6698|11654636.793584:|536620|cache-misses:
pdq_static|16777216|3|simulation|6698|11654636.796415:|191176|branch-misses:
pdq_static|16777216|3|simulation|6698|11654636.798408:|235776|branch-misses:
pdq_static|16777216|3|simulation|6698|11654636.800922:|292771|branch-misses:
pdq_static|16777216|3|simulation|6698|11654636.804072:|325383|branch-misses:
pdq_static|16777216|3|simulation|6698|11654636.807905:|326562|branch-misses:
pdq_static|16777216|3|simulation|6698|11654636.811493:|343342|branch-misses:
pdq_static|16777216|3|simulation|6698|11654636.815099:|359024|branch-misses:
pdq_static|16777216|3|simulation|6698|11654636.819933:|333567|branch-misses:
pdq_static|16777216|3|simulation|6698|11654636.823709:|339791|branch-misses:
pdq_static|16777216|3|simulation|6698|11654636.827485:|352229|branch-misses:
pdq_static|16777216|3|simulation|6698|11654636.831330:|356880|branch-misses:
pdq_static|16777216|3|simulation|6698|11654636.833318:|16705|cache-misses:
pdq_static|16777216|3|simulation|6698|11654636.833456:|16705|cache-misses:
pdq_static|16777216|3|simulation|6698|11654636.833598:|74970|cache-misses:
pdq_static|16777216|3|simulation|6698|11654636.834197:|333177|cache-misses:
pdq_static|16777216|3|simulation|6698|11654636.837871:|264217|branch-misses:
pdq_static|16777216|3|simulation|6698|11654636.840752:|302481|branch-misses:
pdq_static|16777216|3|simulation|6698|11654636.843903:|322927|branch-misses:
pdq_static|16777216|3|simulation|6698|11654636.847728:|330591|branch-misses:
pdq_static|16777216|3|simulation|6698|11654636.851165:|350614|branch-misses:
pdq_static|16777216|3|simulation|6698|11654636.854768:|62137|cache-misses:
pdq_static|16777216|3|simulation|6698|11654636.855268:|101929|cache-misses:
pdq_static|16777216|3|simulation|6698|11654636.856915:|292907|branch-misses:
pdq_static|16777216|3|simulation|6698|11654636.860129:|310764|branch-misses:
pdq_static|16777216|3|simulation|6698|11654636.860823:|138743|cache-misses:
pdq_static|16777216|3|simulation|6698|11654636.863973:|318937|branch-misses:
pdq_static|16777216|3|simulation|6698|11654636.867791:|320608|branch-misses:
pdq_static|16777216|3|simulation|6698|11654636.871453:|332820|branch-misses:
pdq_static|16777216|3|simulation|6698|11654636.875726:|316654|branch-misses:
pdq_static|16777216|3|simulation|6698|11654636.879042:|343732|branch-misses:
pdq_static|16777216|3|simulation|6698|11654636.883256:|339227|branch-misses:
pdq_static|16777216|3|simulation|6698|11654636.886839:|22897|cache-misses:
pdq_static|16777216|3|simulation|6698|11654636.887156:|346820|branch-misses:
pdq_static|16777216|3|simulation|6698|11654636.890794:|355274|branch-misses:
pdq_static|16777216|3|simulation|6698|11654636.892269:|12956|cache-misses:
pdq_static|16777216|3|simulation|6698|11654636.892380:|12956|cache-misses:
pdq_static|16777216|3|simulation|6698|11654636.892488:|69408|cache-misses:
pdq_static|16777216|3|simulation|6698|11654636.893052:|386503|cache-misses:
pdq_static|16777216|3|simulation|6698|11654636.896110:|623190|cache-misses:
pdq_static|16777216|3|simulation|6698|11654636.901036:|566222|cache-misses:
pdq_static|16777216|3|simulation|6698|11654636.905453:|544131|cache-misses:
pdq_static|16777216|3|simulation|6698|11654636.909274:|87387|branch-misses:
pdq_static|16777216|3|simulation|6698|11654636.910202:|123411|branch-misses:
pdq_static|16777216|3|simulation|6698|11654636.911551:|197992|branch-misses:
pdq_static|16777216|3|simulation|6698|11654636.913846:|281677|branch-misses:
pdq_static|16777216|3|simulation|6698|11654636.916931:|302397|branch-misses:
pdq_static|16777216|3|simulation|6698|11654636.920045:|334445|branch-misses:
pdq_static|16777216|3|simulation|6698|11654636.923839:|339990|branch-misses:
pdq_static|16777216|3|simulation|6698|11654636.928518:|309172|branch-misses:
pdq_static|16777216|3|simulation|6698|11654636.931818:|332753|branch-misses:
pdq_static|16777216|3|simulation|6698|11654636.935377:|346471|branch-misses:
pdq_static|16777216|3|simulation|6698|11654636.939125:|357573|branch-misses:
pdq_static|16777216|3|simulation|6698|11654636.943211:|364547|branch-misses:
pdq_static|16777216|3|simulation|6698|11654636.943888:|25480|cache-misses:
pdq_static|16777216|3|simulation|6698|11654636.944101:|87272|cache-misses:
pdq_static|16777216|3|simulation|6698|11654636.944753:|280755|cache-misses:
pdq_static|16777216|3|simulation|6698|11654636.947038:|473653|cache-misses:
pdq_static|16777216|3|simulation|6698|11654636.954003:|222728|branch-misses:
pdq_static|16777216|3|simulation|6698|11654636.956512:|257096|branch-misses:
pdq_static|16777216|3|simulation|6698|11654636.959216:|293666|branch-misses:
pdq_static|16777216|3|simulation|6698|11654636.962492:|313449|branch-misses:
pdq_static|16777216|3|simulation|6698|11654636.965799:|336246|branch-misses:
pdq_static|16777216|3|simulation|6698|11654636.969653:|341955|branch-misses:
pdq_static|16777216|3|simulation|6698|11654636.973257:|357165|branch-misses:
pdq_static|16777216|3|simulation|6698|11654636.977774:|339586|branch-misses:
pdq_static|16777216|3|simulation|6698|11654636.981428:|354661|branch-misses:
pdq_static|16777216|3|simulation|6698|11654636.985373:|356515|branch-misses:
pdq_static|16777216|3|simulation|6698|11654636.988704:|16552|cache-misses:
pdq_static|16777216|3|simulation|6698|11654636.988893:|16552|cache-misses:
pdq_static|16777216|3|simulation|6698|11654636.990047:|329396|branch-misses:
pdq_static|16777216|3|simulation|6698|11654636.993097:|71759|cache-misses:
pdq_static|16777216|3|simulation|6698|11654636.993594:|346298|branch-misses:
pdq_static|16777216|3|simulation|6698|11654636.997672:|347818|branch-misses:
pdq_static|16777216|3|simulation|6698|11654637.001299:|355387|branch-misses:
pdq_static|16777216|3|simulation|6698|11654637.004491:|26117|cache-misses:
pdq_static|16777216|3|simulation|6698|11654637.004691:|26117|cache-misses:
pdq_static|16777216|3|simulation|6698|11654637.004897:|87918|cache-misses:
pdq_static|16777216|3|simulation|6698|11654637.005642:|296166|cache-misses:
pdq_static|16777216|3|simulation|6698|11654637.006957:|288375|branch-misses:
pdq_static|16777216|3|simulation|6698|11654637.009983:|318893|branch-misses:
pdq_static|16777216|3|simulation|6698|11654637.013342:|338271|branch-misses:
pdq_static|16777216|3|simulation|6698|11654637.017462:|337539|branch-misses:
pdq_static|16777216|3|simulation|6698|11654637.021263:|344848|branch-misses:
pdq_static|16777216|3|simulation|6698|11654637.024973:|356798|branch-misses:
pdq_static|16777216|3|simulation|6698|11654637.029169:|355919|branch-misses:
pdq_static|16777216|3|simulation|6698|11654637.033037:|356880|branch-misses:
pdq_static|16777216|3|simulation|6698|11654637.035979:|89375|cache-misses:
pdq_static|16777216|3|simulation|6698|11654637.036693:|89375|cache-misses:
pdq_static|16777216|3|simulation|6698|11654637.037429:|184049|cache-misses:
pdq_static|16777216|3|simulation|6698|11654637.038905:|311849|cache-misses:
pdq_static|16777216|3|simulation|6698|11654637.041339:|421125|cache-misses:
pdq_static|16777216|3|simulation|6698|11654637.044060:|173008|branch-misses:
pdq_static|16777216|3|simulation|6698|11654637.045927:|199599|branch-misses:
pdq_static|16777216|3|simulation|6698|11654637.047982:|278128|branch-misses:
pdq_static|16777216|3|simulation|6698|11654637.051471:|291122|branch-misses:
pdq_static|16777216|3|simulation|6698|11654637.054543:|319316|branch-misses:
pdq_static|16777216|3|simulation|6698|11654637.058107:|338351|branch-misses:
pdq_static|16777216|3|simulation|6698|11654637.061889:|355259|branch-misses:
pdq_static|16777216|3|simulation|6698|11654637.065711:|352545|branch-misses:
pdq_static|16777216|3|simulation|6698|11654637.067755:|23348|cache-misses:
pdq_static|16777216|3|simulation|6698|11654637.067955:|47214|cache-misses:
pdq_static|16777216|3|simulation|6698|11654637.068510:|159077|cache-misses:
pdq_static|16777216|3|simulation|6698|11654637.070537:|319670|branch-misses:
pdq_static|16777216|3|simulation|6698|11654637.073972:|343008|branch-misses:
pdq_static|16777216|3|simulation|6698|11654637.077775:|346818|branch-misses:
pdq_static|16777216|3|simulation|6698|11654637.081610:|350978|branch-misses:
pdq_static|16777216|3|simulation|6698|11654637.085737:|51201|cache-misses:
pdq_static|16777216|3|simulation|6698|11654637.086156:|107529|cache-misses:
pdq_static|16777216|3|simulation|6698|11654637.087018:|257576|cache-misses:
pdq_static|16777216|3|simulation|6698|11654637.089102:|402168|cache-misses:
pdq_static|16777216|3|simulation|6698|11654637.089204:|226775|branch-misses:
pdq_static|16777216|3|simulation|6698|11654637.093319:|221539|branch-misses:
pdq_static|16777216|3|simulation|6698|11654637.095622:|258792|branch-misses:
pdq_static|16777216|3|simulation|6698|11654637.098571:|289804|branch-misses:
pdq_static|16777216|3|simulation|6698|11654637.101966:|310375|branch-misses:
pdq_static|16777216|3|simulation|6698|11654637.105283:|331548|branch-misses:
pdq_static|16777216|3|simulation|6698|11654637.109507:|325992|branch-misses:
pdq_static|16777216|3|simulation|6698|11654637.113128:|341219|branch-misses:
pdq_static|16777216|3|simulation|6698|11654637.115395:|23300|cache-misses:
pdq_static|16777216|3|simulation|6698|11654637.115598:|23300|cache-misses:
pdq_static|16777216|3|simulation|6698|11654637.115813:|77867|cache-misses:
pdq_static|16777216|3|simulation|6698|11654637.117915:|309222|branch-misses:
pdq_static|16777216|3|simulation|6698|11654637.121351:|327594|branch-misses:
pdq_static|16777216|3|simulation|6698|11654637.124381:|96163|cache-misses:
pdq_static|16777216|3|simulation|6698|11654637.125408:|319350|branch-misses:
pdq_static|16777216|3|simulation|6698|11654637.128739:|339744|branch-misses:
pdq_static|16777216|3|simulation|6698|11654637.132481:|350476|branch-misses:
pdq_static|16777216|3|simulation|6698|11654637.136164:|363535|branch-misses:
pdq_static|16777216|3|simulation|6698|11654637.136990:|59756|cache-misses:
pdq_static|16777216|3|simulation|6698|11654637.137474:|59756|cache-misses:
pdq_static|16777216|3|simulation|6698|11654637.137972:|160557|cache-misses:
pdq_static|16777216|3|simulation|6698|11654637.142260:|306802|branch-misses:
pdq_static|16777216|3|simulation|6698|11654637.145527:|331076|branch-misses:
pdq_static|16777216|3|simulation|6698|11654637.149428:|334164|branch-misses:
pdq_static|16777216|3|simulation|6698|11654637.153041:|349910|branch-misses:
pdq_static|16777216|3|simulation|6698|11654637.155360:|53686|cache-misses:
pdq_static|16777216|3|simulation|6698|11654637.155788:|53686|cache-misses:
pdq_static|16777216|3|simulation|6698|11654637.158391:|298431|branch-misses:
pdq_static|16777216|3|simulation|6698|11654637.161594:|324615|branch-misses:
pdq_static|16777216|3|simulation|6698|11654637.164962:|349067|branch-misses:
pdq_static|16777216|3|simulation|6698|11654637.165333:|53312|cache-misses:
pdq_static|16777216|3|simulation|6698|11654637.168999:|351354|branch-misses:
pdq_static|16777216|3|simulation|6698|11654637.172672:|360194|branch-misses:
pdq_static|16777216|3|simulation|6698|11654637.176696:|361996|branch-misses:
pdq_static|16777216|3|simulation|6698|11654639.179814:|18525|cache-misses:
pdq_static|16777216|3|simulation|6698|11654639.180767:|25708|cache-misses:
pdq_static|16777216|3|simulation|6698|11654639.182102:|45826|cache-misses:
pdq_static|16777216|3|simulation|6698|11654639.184448:|62109|cache-misses:
pdq_static|16777216|3|simulation|6698|11654639.187695:|67149|cache-misses:
pdq_static|16777216|3|simulation|6698|11654639.189682:|69251|cache-misses:
pdq_static|16777216|3|simulation|6698|11654639.190745:|97824|cache-misses:
pdq_static|16777216|3|simulation|6698|11654639.191112:|124972|branch-misses:
pdq_static|16777216|3|simulation|6698|11654639.192269:|161757|cache-misses:
pdq_static|16777216|3|simulation|6698|11654639.194741:|209943|cache-misses:
pdq_static|16777216|3|simulation|6698|11654639.194785:|128647|branch-misses:
pdq_static|16777216|3|simulation|6698|11654639.197949:|231709|cache-misses:
pdq_static|16777216|3|simulation|6698|11654639.198529:|132314|branch-misses:
pdq_static|16777216|3|simulation|6698|11654639.201491:|241548|cache-misses:
pdq_static|16777216|3|simulation|6698|11654639.202417:|134055|branch-misses:
pdq_static|16777216|3|simulation|6698|11654639.205192:|249883|cache-misses:
pdq_static|16777216|3|simulation|6698|11654639.206324:|135237|branch-misses:
pdq_static|16777216|3|simulation|6698|11654639.209004:|255252|cache-misses:
pdq_static|16777216|3|simulation|6698|11654639.210269:|135985|branch-misses:
pdq_static|16777216|3|simulation|6698|11654639.212896:|257254|cache-misses:
pdq_static|16777216|3|simulation|6698|11654639.214214:|136792|branch-misses:
pdq_static|16777216|3|simulation|6698|11654639.216767:|260609|cache-misses:
pdq_static|16777216|3|simulation|6698|11654639.218145:|137778|branch-misses:
pdq_static|16777216|3|simulation|6698|11654639.220691:|262677|cache-misses:
pdq_static|16777216|3|simulation|6698|11654639.222131:|138236|branch-misses:
pdq_static|16777216|3|simulation|6698|11654639.224649:|263980|cache-misses:
pdq_static|16777216|3|simulation|6698|11654639.226103:|138480|branch-misses:
pdq_static|16777216|3|simulation|6698|11654639.228604:|265198|cache-misses:
pdq_static|16777216|3|simulation|6698|11654639.230062:|139103|branch-misses:
pdq_static|16777216|3|simulation|6698|11654639.232597:|265923|cache-misses:
pdq_static|16777216|3|simulation|6698|11654639.234061:|139159|branch-misses:
pdq_static|16777216|3|simulation|6698|11654639.236585:|265888|cache-misses:
pdq_static|16777216|3|simulation|6698|11654639.238039:|139464|branch-misses:
pdq_static|16777216|3|simulation|6698|11654639.240563:|266534|cache-misses:
pdq_static|16777216|3|simulation|6698|11654639.242049:|139305|branch-misses:
pdq_static|16777216|3|simulation|6698|11654639.244565:|266585|cache-misses:
pdq_static|16777216|3|simulation|6698|11654639.246021:|139753|branch-misses:
pdq_static|16777216|3|simulation|6698|11654639.250274:|221953|cache-misses:
pdq_static|16777216|3|simulation|6698|11654639.257551:|56529|branch-misses:
radix|16777216|3|perf|6704|11654640.084625:|1|cache-misses:
radix|16777216|3|perf|6704|11654640.084627:|1|branch-misses:
radix|16777216|3|perf|6704|11654640.084639:|1|cache-misses:
radix|16777216|3|perf|6704|11654640.084640:|1|branch-misses:
radix|16777216|3|perf|6704|11654640.084645:|35|cache-misses:
radix|16777216|3|perf|6704|11654640.084646:|40|branch-misses:
radix|16777216|3|perf|6704|11654640.084651:|3649|branch-misses:
radix|16777216|3|simulation|6704|11654640.084658:|3156|cache-misses:
radix|16777216|3|simulation|6704|11654640.085006:|302467|branch-misses:
radix|16777216|3|simulation|6704|11654640.085037:|106152|cache-misses:
radix|16777216|3|simulation|6704|11654640.118289:|20837|branch-misses:
radix|16777216|3|simulation|6704|11654640.119822:|11429|cache-misses:
radix|16777216|3|simulation|6704|11654640.122173:|21100|branch-misses:
radix|16777216|3|simulation|6704|11654640.126180:|21079|branch-misses:
radix|16777216|3|simulation|6704|11654640.130245:|20940|branch-misses:
radix|16777216|3|simulation|6704|11654640.134085:|21280|branch-misses:
radix|16777216|3|simulation|6704|11654640.136457:|3615|cache-misses:
radix|16777216|3|simulation|6704|11654640.138061:|21340|branch-misses:
radix|16777216|3|simulation|6704|11654640.141899:|3183|cache-misses:
radix|16777216|3|simulation|6704|11654640.142154:|21153|branch-misses:
radix|16777216|3|simulation|6704|11654640.146123:|21229|branch-misses:
radix|16777216|3|simulation|6704|11654640.146600:|2930|cache-misses:
radix|16777216|3|simulation|6704|11654640.150033:|21426|branch-misses:
radix|16777216|3|simulation|6704|11654640.150869:|2816|cache-misses:
radix|16777216|3|simulation|6704|11654640.154094:|21275|branch-misses:
radix|16777216|3|simulation|6704|11654640.155011:|2808|cache-misses:
radix|16777216|3|simulation|6704|11654640.158149:|21163|branch-misses:
radix|16777216|3|simulation|6704|11654640.159169:|2763|cache-misses:
radix|16777216|3|simulation|6704|11654640.162043:|21407|branch-misses:
radix|16777216|3|simulation|6704|11654640.163281:|2727|cache-misses:
radix|16777216|3|simulation|6704|11654640.166022:|21459|branch-misses:
radix|16777216|3|simulation|6704|11654640.167411:|2703|cache-misses:
radix|16777216|3|simulation|6704|11654640.170149:|21190|branch-misses:
radix|16777216|3|simulation|6704|11654640.171400:|2681|cache-misses:
radix|16777216|3|simulation|6704|11654640.174132:|21233|branch-misses:
radix|16777216|3|simulation|6704|11654640.175338:|2720|cache-misses:
radix|16777216|3|simulation|6704|11654640.178034:|21452|branch-misses:
radix|16777216|3|simulation|6704|11654640.179385:|2720|cache-misses:
radix|16777216|3|simulation|6704|11654640.182079:|21338|branch-misses:
radix|16777216|3|simulation|6704|11654640.183519:|2702|cache-misses:
radix|16777216|3|simulation|6704|11654640.186158:|21170|branch-misses:
radix|16777216|3|simulation|6704|11654640.187505:|2700|cache-misses:
radix|16777216|3|simulation|6704|11654640.190074:|21362|branch-misses:
radix|16777216|3|simulation|6704|11654640.191509:|2692|cache-misses:
radix|16777216|3|simulation|6704|11654640.194040:|21440|branch-misses:
radix|16777216|3|simulation|6704|11654640.195445:|2688|cache-misses:
radix|16777216|3|simulation|6704|11654640.198155:|21201|branch-misses:
radix|16777216|3|simulation|6704|11654640.199375:|2696|cache-misses:
radix|16777216|3|simulation|6704|11654640.202192:|21112|branch-misses:
radix|16777216|3|simulation|6704|11654640.203384:|2738|cache-misses:
radix|16777216|3|simulation|6704|11654640.206132:|21240|branch-misses:
radix|16777216|3|simulation|6704|11654640.207494:|2722|cache-misses:
radix|16777216|3|simulation|6704|11654640.210135:|21222|branch-misses:
radix|16777216|3|simulation|6704|11654640.211105:|2865|cache-misses:
radix|16777216|3|simulation|6704|11654640.213996:|21579|branch-misses:
radix|16777216|3|simulation|6704|11654640.214917:|2854|cache-misses:
radix|16777216|3|simulation|6704|11654640.217366:|22920|branch-misses:
radix|16777216|3|simulation|6704|11654640.218401:|3012|cache-misses:
radix|16777216|3|simulation|6704|11654640.220897:|23910|branch-misses:
radix|16777216|3|simulation|6704|11654640.222086:|3108|cache-misses:
radix|16777216|3|simulation|6704|11654640.224713:|24453|branch-misses:
radix|16777216|3|simulation|6704|11654640.225827:|3237|cache-misses:
radix|16777216|3|simulation|6704|11654640.228585:|24786|branch-misses:
radix|16777216|3|simulation|6704|11654640.229720:|3275|cache-misses:
radix|16777216|3|simulation|6704|11654640.232445:|25176|branch-misses:
radix|16777216|3|simulation|6704|11654640.233744:|3278|cache-misses:
radix|16777216|3|simulation|6704|11654640.236460:|25235|branch-misses:
radix|16777216|3|simulation|6704|11654640.237849:|3268|cache-misses:
radix|16777216|3|simulation|6704|11654640.240500:|25058|branch-misses:
radix|16777216|3|simulation|6704|11654640.241913:|3259|cache-misses:
radix|16777216|3|simulation|6704|11654640.244414:|25284|branch-misses:
radix|16777216|3|simulation|6704|11654640.245930:|3260|cache-misses:
radix|16777216|3|simulation|6704|11654640.248423:|25288|branch-misses:
radix|16777216|3|simulation|6704|11654640.249898:|3260|cache-misses:
radix|16777216|3|simulation|6704|11654640.252421:|25279|branch-misses:
radix|16777216|3|simulation|6704|11654640.253868:|3261|cache-misses:
radix|16777216|3|simulation|6704|11654640.256379:|25402|branch-misses:
radix|16777216|3|simulation|6704|11654640.257836:|3270|cache-misses:
radix|16777216|3|simulation|6704|11654640.260400:|25371|branch-misses:
radix|16777216|3|simulation|6704|11654640.261839:|3263|cache-misses:
radix|16777216|3|simulation|6704|11654640.264411:|25330|branch-misses:
radix|16777216|3|simulation|6704|11654640.265858:|3252|cache-misses:
radix|16777216|3|simulation|6704|11654640.268370:|25458|branch-misses:
radix|16777216|3|simulation|6704|11654640.269852:|3254|cache-misses:
radix|16777216|3|simulation|6704|11654640.272429:|25283|branch-misses:
radix|16777216|3|simulation|6704|11654640.273815:|3260|cache-misses:
radix|16777216|3|simulation|6704|11654640.276432:|25283|branch-misses:
radix|16777216|3|simulation|6704|11654640.277825:|3246|cache-misses:
radix|16777216|3|simulation|6704|11654640.280402:|25394|branch-misses:
radix|16777216|3|simulation|6704|11654640.281859:|3288|cache-misses:
radix|16777216|3|simulation|6704|11654640.284495:|25151|branch-misses:
radix|16777216|3|simulation|6704|11654640.285910:|3280|cache-misses:
radix|16777216|3|simulation|6704|11654640.288450:|25266|branch-misses:
radix|16777216|3|simulation|6704|11654640.289945:|3234|cache-misses:
radix|16777216|3|simulation|6704|11654640.292422:|25370|branch-misses:
radix|16777216|3|simulation|6704|11654640.293908:|3272|cache-misses:
radix|16777216|3|simulation|6704|11654640.296510:|25145|branch-misses:
radix|16777216|3|simulation|6704|11654640.297874:|3260|cache-misses:
radix|16777216|3|simulation|6704|11654640.300470:|25235|branch-misses:
radix|16777216|3|simulation|6704|11654640.301882:|3259|cache-misses:
radix|16777216|3|simulation|6704|11654640.304450:|25325|branch-misses:
radix|16777216|3|simulation|6704|11654640.305906:|3256|cache-misses:
radix|16777216|3|simulation|6704|11654640.308508:|25157|branch-misses:
radix|16777216|3|simulation|6704|11654640.309909:|3253|cache-misses:
radix|16777216|3|simulation|6704|11654640.312465:|25257|branch-misses:
radix|16777216|3|simulation|6704|11654640.313744:|3316|cache-misses:
radix|16777216|3|simulation|6704|11654640.316456:|25303|branch-misses:
radix|16777216|3|simulation|6704|11654640.317836:|3280|cache-misses:
radix|16777216|3|simulation|6704|11654640.320510:|25148|branch-misses:
radix|16777216|3|simulation|6704|11654640.321678:|3315|cache-misses:
radix|16777216|3|simulation|6704|11654640.324451:|25286|branch-misses:
radix|16777216|3|simulation|6704|11654640.325785:|3326|cache-misses:
radix|16777216|3|simulation|6704|11654640.328463:|25289|branch-misses:
radix|16777216|3|simulation|6704|11654640.329865:|3310|cache-misses:
radix|16777216|3|simulation|6704|11654640.332511:|25147|branch-misses:
radix|16777216|3|simulation|6704|11654640.333943:|3255|cache-misses:
radix|16777216|3|simulation|6704|11654640.336442:|25310|branch-misses:
radix|16777216|3|simulation|6704|11654640.337910:|3284|cache-misses:
radix|16777216|3|simulation|6704|11654640.340487:|25280|branch-misses:
radix|16777216|3|simulation|6704|11654640.341427:|3459|cache-misses:
radix|16777216|3|simulation|6704|11654640.344583:|24983|branch-misses:
radix|16777216|3|simulation|6704|11654640.345653:|3373|cache-misses:
radix|16777216|3|simulation|6704|11654640.348492:|25209|branch-misses:
radix|16777216|3|simulation|6704|11654640.349888:|3323|cache-misses:
radix|16777216|3|simulation|6704|11654640.352570:|25048|branch-misses:
radix|16777216|3|simulation|6704|11654640.354129:|3245|cache-misses:
radix|16777216|3|simulation|6704|11654640.356631:|24839|branch-misses:
radix|16777216|3|simulation|6704|11654640.358415:|3116|cache-misses:
radix|16777216|3|simulation|6704|11654640.360607:|24910|branch-misses:
radix|16777216|3|simulation|6704|11654640.362675:|3065|cache-misses:
radix|16777216|3|simulation|6704|11654640.364754:|24594|branch-misses:
radix|16777216|3|simulation|6704|11654640.366847:|3026|cache-misses:
radix|16777216|3|simulation|6704|11654640.368851:|24315|branch-misses:
radix|16777216|3|simulation|6704|11654640.370949:|2989|cache-misses:
radix|16777216|3|simulation|6704|11654640.372820:|24363|branch-misses:
radix|16777216|3|simulation|6704|11654640.374876:|3001|cache-misses:
radix|16777216|3|simulation|6704|11654640.376806:|24385|branch-misses:
radix|16777216|3|simulation|6704|11654640.378835:|3028|cache-misses:
radix|16777216|3|simulation|6704|11654640.380700:|24620|branch-misses:
radix|16777216|3|simulation|6704|11654640.382796:|3041|cache-misses:
radix|16777216|3|simulation|6704|11654640.384542:|25007|branch-misses:
radix|16777216|3|simulation|6704|11654640.386757:|3051|cache-misses:
radix|16777216|3|simulation|6704|11654640.388523:|25101|branch-misses:
radix|16777216|3|simulation|6704|11654640.390707:|3061|cache-misses:
radix|16777216|3|simulation|6704|11654640.392528:|25058|branch-misses:
radix|16777216|3|simulation|6704|11654640.394668:|3069|cache-misses:
radix|16777216|3|simulation|6704|11654640.396434:|25278|branch-misses:
radix|16777216|3|simulation|6704|11654640.398569:|3125|cache-misses:
radix|16777216|3|simulation|6704|11654640.400465:|25245|branch-misses:
radix|16777216|3|simulation|6704|11654640.402594:|3122|cache-misses:
radix|16777216|3|simulation|6704|11654640.404516:|25165|branch-misses:
radix|16777216|3|simulation|6704|11654640.406616:|3137|cache-misses:
radix|16777216|3|simulation|6704|11654640.408420:|25359|branch-misses:
radix|16777216|3|simulation|6704|11654640.410606:|3121|cache-misses:
radix|16777216|3|simulation|6704|11654640.412449:|25308|branch-misses:
radix|16777216|3|simulation|6704|11654640.413055:|3107|cache-misses:
radix|16777216|3|simulation|6704|11654640.413122:|3107|cache-misses:
radix|16777216|3|simulation|6704|11654640.413183:|26062|cache-misses:
radix|16777216|3|simulation|6704|11654640.413681:|235046|cache-misses:
radix|16777216|3|simulation|6704|11654640.418224:|326194|cache-misses:
radix|16777216|3|simulation|6704|11654640.424533:|260535|cache-misses:
radix|16777216|3|simulation|6704|11654640.425076:|10869|branch-misses:
radix|16777216|3|simulation|6704|11654640.429583:|234066|cache-misses:
radix|16777216|3|simulation|6704|11654640.431252:|8772|branch-misses:
radix|16777216|3|simulation|6704|11654640.434131:|220592|cache-misses:
radix|16777216|3|simulation|6704|11654640.436197:|7949|branch-misses:
radix|16777216|3|simulation|6704|11654640.438394:|214990|cache-misses:
radix|16777216|3|simulation|6704|11654640.440685:|7602|branch-misses:
radix|16777216|3|simulation|6704|11654640.442549:|211532|cache-misses:
radix|16777216|3|simulation|6704|11654640.444977:|7350|branch-misses:
radix|16777216|3|simulation|6704|11654640.446660:|209161|cache-misses:
radix|16777216|3|simulation|6704|11654640.449141:|7241|branch-misses:
radix|16777216|3|simulation|6704|11654640.450721:|207957|cache-misses:
radix|16777216|3|simulation|6704|11654640.453261:|7160|branch-misses:
radix|16777216|3|simulation|6704|11654640.454755:|207261|cache-misses:
radix|16777216|3|simulation|6704|11654640.457295:|7137|branch-misses:
radix|16777216|3|simulation|6704|11654640.458781:|206792|cache-misses:
radix|16777216|3|simulation|6704|11654640.461307:|7128|branch-misses:
radix|16777216|3|simulation|6704|11654640.462785:|206588|cache-misses:
radix|16777216|3|simulation|6704|11654640.465333:|7125|branch-misses:
radix|16777216|3|simulation|6704|11654640.466801:|206363|cache-misses:
radix|16777216|3|simulation|6704|11654640.469398:|7078|branch-misses:
radix|16777216|3|simulation|6704|11654640.470871:|204691|cache-misses:
radix|16777216|3|simulation|6704|11654640.473399:|7079|branch-misses:
radix|16777216|3|simulation|6704|11654640.474832:|205407|cache-misses:
radix|16777216|3|simulation|6704|11654640.477358:|7118|branch-misses:
radix|16777216|3|simulation|6704|11654640.478805:|205837|cache-misses:
radix|16777216|3|simulation|6704|11654640.481374:|7105|branch-misses:
radix|16777216|3|simulation|6704|11654640.482798:|206201|cache-misses:
radix|16777216|3|simulation|6704|11654640.485311:|7148|branch-misses:
radix|16777216|3|simulation|6704|11654640.486796:|206237|cache-misses:
radix|16777216|3|simulation|6704|11654640.489287:|7171|branch-misses:
radix|16777216|3|simulation|6704|11654640.490802:|206121|cache-misses:
radix|16777216|3|simulation|6704|11654640.493330:|7146|branch-misses:
radix|16777216|3|simulation|6704|11654640.494799:|206111|cache-misses:
radix|16777216|3|simulation|6704|11654640.497382:|7120|branch-misses:
radix|16777216|3|simulation|6704|11654640.498782:|206336|cache-misses:
radix|16777216|3|simulation|6704|11654640.501392:|7113|branch-misses:
radix|16777216|3|simulation|6704|11654640.502827:|206060|cache-misses:
radix|16777216|3|simulation|6704|11654640.505493:|7046|branch-misses:
radix|16777216|3|simulation|6704|11654640.506945:|203360|cache-misses:
radix|16777216|3|simulation|6704|11654640.509572:|6998|branch-misses:
radix|16777216|3|simulation|6704|11654640.511020:|202195|cache-misses:
radix|16777216|3|simulation|6704|11654640.514012:|6656|branch-misses:
radix|16777216|3|simulation|6704|11654640.518523:|140216|cache-misses:
radix|16777216|3|simulation|6704|11654640.519243:|5842|branch-misses:
radix|16777216|3|simulation|6704|11654642.523661:|118223|cache-misses:
radix|16777216|3|simulation|6704|11654642.525240:|166871|cache-misses:
radix|16777216|3|simulation|6704|11654642.527409:|223440|cache-misses:
radix|16777216|3|simulation|6704|11654642.529471:|266773|cache-misses:
radix|16777216|3|simulation|6704|11654642.531918:|306005|cache-misses:
radix|16777216|3|simulation|6704|11654642.534742:|348528|cache-misses:
radix|16777216|3|simulation|6704|11654642.537766:|377041|cache-misses:
radix|16777216|3|simulation|6704|11654642.540545:|430618|cache-misses:
radix|16777216|3|simulation|6704|11654642.543725:|467621|cache-misses:
radix|16777216|3|simulation|6704|11654642.543926:|578|branch-misses:
radix|16777216|3|simulation|6704|11654642.547198:|497421|cache-misses:
radix|16777216|3|simulation|6704|11654642.550837:|512279|cache-misses:
radix|16777216|3|simulation|6704|11654642.554479:|533837|cache-misses:
radix|16777216|3|simulation|6704|11654642.557589:|185|branch-misses:
radix|16777216|3|simulation|6704|11654642.557681:|185|branch-misses:
radix|16777216|3|simulation|6704|11654642.557778:|1164|branch-misses:
radix|16777216|3|simulation|6704|11654642.559096:|6120|branch-misses:
radix|16777216|3|simulation|6704|11654642.562439:|342806|cache-misses:
radix|16777216|3|simulation|6704|11654642.565968:|5201|branch-misses:
radix|16777216|3|simulation|6704|11654642.571850:|4385|branch-misses:
radix|16777216|3|simulation|6704|11654642.575337:|148324|cache-misses:
radix|16777216|3|simulation|6704|11654642.576466:|4089|branch-misses:
radix|16777216|3|simulation|6704|11654642.580763:|3974|branch-misses:
radix|16777216|3|simulation|6704|11654642.580849:|128522|cache-misses:
radix|16777216|3|simulation|6704|11654642.584728:|3989|branch-misses:
radix|16777216|3|simulation|6704|11654642.585524:|119316|cache-misses:
radix|16777216|3|simulation|6704|11654642.588756:|3986|branch-misses:
radix|16777216|3|simulation|6704|11654642.589886:|115222|cache-misses:
radix|16777216|3|simulation|6704|11654642.592673:|4003|branch-misses:
radix|16777216|3|simulation|6704|11654642.593991:|113829|cache-misses:
radix|16777216|3|simulation|6704|11654642.596570:|4054|branch-misses:
radix|16777216|3|simulation|6704|11654642.597984:|113930|cache-misses:
radix|16777216|3|simulation|6704|11654642.600464:|4108|branch-misses:
radix|16777216|3|simulation|6704|11654642.601982:|113908|cache-misses:
radix|16777216|3|simulation|6704|11654642.604418:|4132|branch-misses:
radix|16777216|3|simulation|6704|11654642.605988:|113804|cache-misses:
radix|16777216|3|simulation|6704|11654642.608376:|4162|branch-misses:
radix|16777216|3|simulation|6704|11654642.609977:|113913|cache-misses:
radix|16777216|3|simulation|6704|11654642.612299:|4198|branch-misses:
radix|16777216|3|simulation|6704|11654642.613915:|114463|cache-misses:
radix|16777216|3|simulation|6704|11654642.616161:|4253|branch-misses:
radix|16777216|3|simulation|6704|11654642.617887:|114845|cache-misses:
radix|16777216|3|simulation|6704|11654642.620222:|4229|branch-misses:
radix|16777216|3|simulation|6704|11654642.621873:|114887|cache-misses:
radix|16777216|3|simulation|6704|11654642.624200:|4238|branch-misses:
radix|16777216|3|simulation|6704|11654642.625750:|116091|cache-misses:
radix|16777216|3|simulation|6704|11654642.628027:|4315|branch-misses:
radix|16777216|3|simulation|6704|11654642.629627:|117619|cache-misses:
radix|16777216|3|simulation|6704|11654642.632162:|4254|branch-misses:
radix|16777216|3|simulation|6704|11654642.633547:|118686|cache-misses:
radix|16777216|3|simulation|6704|11654642.636097:|4290|branch-misses:
radix|16777216|3|simulation|6704|11654642.637465:|119640|cache-misses:
radix|16777216|3|simulation|6704|11654642.640059:|4310|branch-misses:
radix|16777216|3|simulation|6704|11654642.641433:|120130|cache-misses:
radix|16777216|3|simulation|6704|11654642.643985:|4314|branch-misses:
radix|16777216|3|simulation|6704|11654642.645339:|121148|cache-misses:
radix|16777216|3|simulation|6704|11654642.647905:|4379|branch-misses:
radix|16777216|3|simulation|6704|11654642.649291:|121771|cache-misses:
radix|16777216|3|simulation|6704|11654642.651899:|4377|branch-misses:
radix|16777216|3|simulation|6704|11654642.653251:|122348|cache-misses:
radix|16777216|3|simulation|6704|11654642.655870:|4395|branch-misses:
radix|16777216|3|simulation|6704|11654642.657192:|123078|cache-misses:
radix|16777216|3|simulation|6704|11654642.659837:|4412|branch-misses:
radix|16777216|3|simulation|6704|11654642.661165:|123379|cache-misses:
radix|16777216|3|simulation|6704|11654642.663811:|4417|branch-misses:
radix|16777216|3|simulation|6704|11654642.665107:|124177|cache-misses:
radix|16777216|3|simulation|6704|11654642.667916:|4383|branch-misses:
radix|16777216|3|simulation|6704|11654642.669074:|124618|cache-misses:
radix|16777216|3|simulation|6704|11654642.671890:|4372|branch-misses:
radix|16777216|3|simulation|6704|11654642.673051:|124918|cache-misses:
radix|16777216|3|simulation|6704|11654642.675839:|4405|branch-misses:
radix|16777216|3|simulation|6704|11654642.677038:|125116|cache-misses:
radix|16777216|3|simulation|6704|11654642.679801:|4424|branch-misses:
radix|16777216|3|simulation|6704|11654642.681036:|125065|cache-misses:
radix|16777216|3|simulation|6704|11654642.683808:|4421|branch-misses:
radix|16777216|3|simulation|6704|11654642.685037:|125099|cache-misses:
radix|16777216|3|simulation|6704|11654642.687823:|4436|branch-misses:
radix|16777216|3|simulation|6704|11654642.689107:|124185|cache-misses:
radix|16777216|3|simulation|6704|11654642.691779:|4443|branch-misses:
radix|16777216|3|simulation|6704|11654642.693132:|123993|cache-misses:
radix|16777216|3|simulation|6704|11654642.695763:|4472|branch-misses:
radix|16777216|3|simulation|6704|11654642.697101:|124117|cache-misses:
radix|16777216|3|simulation|6704|11654642.699680:|4494|branch-misses:
radix|16777216|3|simulation|6704|11654642.701048:|124898|cache-misses:
radix|16777216|3|simulation|6704|11654642.703587:|4525|branch-misses:
radix|16777216|3|simulation|6704|11654642.705036:|125030|cache-misses:
radix|16777216|3|simulation|6704|11654642.707612:|4537|branch-misses:
radix|16777216|3|simulation|6704|11654642.709026:|125338|cache-misses:
radix|16777216|3|simulation|6704|11654642.711666:|4528|branch-misses:
radix|16777216|3|simulation|6704|11654642.712807:|125208|cache-misses:
radix|16777216|3|simulation|6704|11654642.714263:|3852|branch-misses:
radix|16777216|3|simulation|6704|11654642.714628:|3852|branch-misses:
radix|16777216|3|simulation|6704|11654642.715000:|12708|branch-misses:
radix|16777216|3|simulation|6704|11654642.716152:|125782|cache-misses:
radix|16777216|3|simulation|6704|11654642.717326:|26778|branch-misses:
radix|16777216|3|simulation|6704|11654642.719486:|125186|cache-misses:
radix|16777216|3|simulation|6704|11654642.721005:|26845|branch-misses:
radix|16777216|3|simulation|6704|11654642.723244:|138278|cache-misses:
radix|16777216|3|simulation|6704|11654642.724732:|26341|branch-misses:
radix|16777216|3|simulation|6704|11654642.728124:|128100|cache-misses:
radix|16777216|3|simulation|6704|11654642.728426:|27363|branch-misses:
radix|16777216|3|simulation|6704|11654642.732129:|118592|cache-misses:
radix|16777216|3|simulation|6704|11654642.733263:|25798|branch-misses:
radix|16777216|3|simulation|6704|11654642.735391:|121164|cache-misses:
radix|16777216|3|simulation|6704|11654642.736871:|26393|branch-misses:
radix|16777216|3|simulation|6704|11654642.738686:|124321|cache-misses:
radix|16777216|3|simulation|6704|11654642.740506:|25929|branch-misses:
radix|16777216|3|simulation|6704|11654642.742486:|136693|cache-misses:
radix|16777216|3|simulation|6704|11654642.744151:|27447|branch-misses:
radix|16777216|3|simulation|6704|11654642.747587:|128585|cache-misses:
radix|16777216|3|simulation|6704|11654642.748925:|28819|branch-misses:
radix|16777216|3|simulation|6704|11654642.751227:|119278|cache-misses:
radix|16777216|3|simulation|6704|11654642.752952:|26260|branch-misses:
radix|16777216|3|simulation|6704|11654642.754514:|120664|cache-misses:
radix|16777216|3|simulation|6704|11654642.756605:|25882|branch-misses:
radix|16777216|3|simulation|6704|11654642.758184:|135650|cache-misses:
radix|16777216|3|simulation|6704|11654642.760230:|27510|branch-misses:
radix|16777216|3|simulation|6704|11654642.762290:|138199|cache-misses:
radix|16777216|3|simulation|6704|11654642.765135:|24915|branch-misses:
radix|16777216|3|simulation|6704|11654642.767126:|117304|cache-misses:
radix|16777216|3|simulation|6704|11654642.768676:|25508|branch-misses:
radix|16777216|3|simulation|6704|11654642.770403:|119963|cache-misses:
radix|16777216|3|simulation|6704|11654642.772293:|25876|branch-misses:
radix|16777216|3|simulation|6704|11654642.773712:|123534|cache-misses:
radix|16777216|3|simulation|6704|11654642.775905:|25514|branch-misses:
radix|16777216|3|simulation|6704|11654642.777473:|136926|cache-misses:
radix|16777216|3|simulation|6704|11654642.779485:|27238|branch-misses:
radix|16777216|3|simulation|6704|11654642.782526:|128202|cache-misses:
radix|16777216|3|simulation|6704|11654642.784355:|25388|branch-misses:
radix|16777216|3|simulation|6704|11654642.786282:|119244|cache-misses:
radix|16777216|3|simulation|6704|11654642.787933:|26099|branch-misses:
radix|16777216|3|simulation|6704|11654642.789556:|121808|cache-misses:
radix|16777216|3|simulation|6704|11654642.791595:|25717|branch-misses:
radix|16777216|3|simulation|6704|11654642.793232:|135806|cache-misses:
radix|16777216|3|simulation|6704|11654642.795195:|27358|branch-misses:
radix|16777216|3|simulation|6704|11654642.797478:|137998|cache-misses:
radix|16777216|3|simulation|6704|11654642.800102:|25057|branch-misses:
radix|16777216|3|simulation|6704|11654642.802196:|118329|cache-misses:
radix|16777216|3|simulation|6704|11654642.803642:|25749|branch-misses:
radix|16777216|3|simulation|6704|11654642.805466:|121084|cache-misses:
radix|16777216|3|simulation|6704|11654642.807247:|25920|branch-misses:
radix|16777216|3|simulation|6704|11654642.809097:|134945|cache-misses:
radix|16777216|3|simulation|6704|11654642.810867:|25540|branch-misses:
radix|16777216|3|simulation|6704|11654642.812738:|135761|cache-misses:
radix|16777216|3|simulation|6704|11654642.814490:|27090|branch-misses:
radix|16777216|3|simulation|6704|11654642.818080:|116986|cache-misses:
radix|16777216|3|simulation|6704|11654642.819362:|25412|branch-misses:
radix|16777216|3|simulation|6704|11654642.821361:|119781|cache-misses:
radix|16777216|3|simulation|6704|11654642.822962:|25854|branch-misses:
radix|16777216|3|simulation|6704|11654642.824653:|122486|cache-misses:
radix|16777216|3|simulation|6704|11654642.826573:|25532|branch-misses:
radix|16777216|3|simulation|6704|11654642.828409:|135342|cache-misses:
radix|16777216|3|simulation|6704|11654642.830171:|27172|branch-misses:
radix|16777216|3|simulation|6704|11654642.833035:|126224|cache-misses:
radix|16777216|3|simulation|6704|11654642.833933:|28627|branch-misses:
radix|16777216|3|simulation|6704|11654642.837216:|118391|cache-misses:
radix|16777216|3|simulation|6704|11654642.838941:|26076|branch-misses:
radix|16777216|3|simulation|6704|11654642.840489:|120839|cache-misses:
radix|16777216|3|simulation|6704|11654642.842579:|25750|branch-misses:
radix|16777216|3|simulation|6704|11654642.843790:|123453|cache-misses:
radix|16777216|3|simulation|6704|11654642.846195:|27374|branch-misses:
radix|16777216|3|simulation|6704|11654642.847549:|132402|cache-misses:
radix|16777216|3|simulation|6704|11654642.851070:|25035|branch-misses:
radix|16777216|3|simulation|6704|11654642.852011:|129107|cache-misses:
radix|16777216|3|simulation|6704|11654642.854625:|25644|branch-misses:
radix|16777216|3|simulation|6704|11654642.856413:|119622|cache-misses:
radix|16777216|3|simulation|6704|11654642.858317:|25496|branch-misses:
radix|16777216|3|simulation|6704|11654642.859762:|122064|cache-misses:
radix|16777216|3|simulation|6704|11654642.862011:|26770|branch-misses:
radix|16777216|3|simulation|6704|11654642.863476:|122052|cache-misses:
radix|16777216|3|simulation|6704|11654642.865869:|25996|branch-misses:
radix|16777216|3|simulation|6704|11654642.867053:|132057|cache-misses:
radix|16777216|3|simulation|6704|11654642.870721:|26205|branch-misses:
radix|16777216|3|simulation|6704|11654642.872093:|120889|cache-misses:
radix|16777216|3|simulation|6704|11654642.874357:|25022|branch-misses:
radix|16777216|3|simulation|6704|11654642.875825:|122273|cache-misses:
radix|16777216|3|simulation|6704|11654642.877901:|24683|branch-misses:
radix|16777216|3|simulation|6704|11654642.879123:|115525|cache-misses:
radix|16777216|3|simulation|6704|11654642.881409:|26399|branch-misses:
radix|16777216|3|simulation|6704|11654642.882382:|118636|cache-misses:
radix|16777216|3|simulation|6704|11654642.885075:|28012|branch-misses:
radix|16777216|3|simulation|6704|11654642.886051:|132470|cache-misses:
radix|16777216|3|simulation|6704|11654642.889842:|136286|cache-misses:
radix|16777216|3|simulation|6704|11654642.890098:|25092|branch-misses:
radix|16777216|3|simulation|6704|11654642.893637:|24851|branch-misses:
radix|16777216|3|simulation|6704|11654642.894989:|117954|cache-misses:
radix|16777216|3|simulation|6704|11654642.897159:|26584|branch-misses:
radix|16777216|3|simulation|6704|11654642.898246:|118597|cache-misses:
radix|16777216|3|simulation|6704|11654642.900857:|26248|branch-misses:
radix|16777216|3|simulation|6704|11654642.901552:|120764|cache-misses:
radix|16777216|3|simulation|6704|11654642.905252:|134898|cache-misses:
radix|16777216|3|simulation|6704|11654642.905637:|27032|branch-misses:
radix|16777216|3|simulation|6704|11654642.909360:|25167|branch-misses:
radix|16777216|3|simulation|6704|11654642.909809:|137007|cache-misses:
radix|16777216|3|simulation|6704|11654642.912907:|24831|branch-misses:
radix|16777216|3|simulation|6704|11654642.914131:|115769|cache-misses:
radix|16777216|3|simulation|6704|11654642.916458:|26424|branch-misses:
radix|16777216|3|simulation|6704|11654642.917406:|118340|cache-misses:
radix|16777216|3|simulation|6704|11654642.920145:|27883|branch-misses:
radix|16777216|3|simulation|6704|11654642.921058:|132462|cache-misses:
radix|16777216|3|simulation|6704|11654642.924630:|136085|cache-misses:
radix|16777216|3|simulation|6704|11654642.925087:|25291|branch-misses:
radix|16777216|3|simulation|6704|11654642.928661:|24882|branch-misses:
radix|16777216|3|simulation|6704|11654642.929975:|117831|cache-misses:
radix|16777216|3|simulation|6704|11654642.932196:|26522|branch-misses:
radix|16777216|3|simulation|6704|11654642.933242:|119368|cache-misses:
radix|16777216|3|simulation|6704|11654642.935902:|26103|branch-misses:
radix|16777216|3|simulation|6704|11654642.936542:|121022|cache-misses:
radix|16777216|3|simulation|6704|11654642.940249:|135406|cache-misses:
radix|16777216|3|simulation|6704|11654642.940691:|27082|branch-misses:
radix|16777216|3|simulation|6704|11654642.944453:|24857|branch-misses:
radix|16777216|3|simulation|6704|11654642.944589:|138695|cache-misses:
radix|16777216|3|simulation|6704|11654642.947985:|26602|branch-misses:
radix|16777216|3|simulation|6704|11654642.949190:|118641|cache-misses:
radix|16777216|3|simulation|6704|11654642.951675:|26235|branch-misses:
radix|16777216|3|simulation|6704|11654642.952466:|120541|cache-misses:
radix|16777216|3|simulation|6704|11654642.955331:|27791|branch-misses:
radix|16777216|3|simulation|6704|11654642.956147:|134055|cache-misses:
radix|16777216|3|simulation|6704|11654642.960133:|136744|cache-misses:
radix|16777216|3|simulation|6704|11654642.960287:|25216|branch-misses:
radix|16777216|3|simulation|6704|11654642.963882:|24745|branch-misses:
radix|16777216|3|simulation|6704|11654642.965123:|117441|cache-misses:
radix|16777216|3|simulation|6704|11654642.967409:|26184|branch-misses:
radix|16777216|3|simulation|6704|11654642.968380:|120589|cache-misses:
radix|16777216|3|simulation|6704|11654642.971050:|27834|branch-misses:
radix|16777216|3|simulation|6704|11654642.971671:|122602|cache-misses:
radix|16777216|3|simulation|6704|11654642.975414:|135940|cache-misses:
radix|16777216|3|simulation|6704|11654642.975959:|25307|branch-misses:
radix|16777216|3|simulation|6704|11654642.979531:|24906|branch-misses:
radix|16777216|3|simulation|6704|11654642.980275:|127266|cache-misses:
radix|16777216|3|simulation|6704|11654642.983056:|26596|branch-misses:
radix|16777216|3|simulation|6704|11654642.984209:|119091|cache-misses:
radix|16777216|3|simulation|6704|11654642.986745:|26238|branch-misses:
radix|16777216|3|simulation|6704|11654642.987481:|121070|cache-misses:
radix|16777216|3|simulation|6704|11654642.990411:|27732|branch-misses:
radix|16777216|3|simulation|6704|11654642.990795:|124325|cache-misses:
radix|16777216|3|simulation|6704|11654642.994546:|135955|cache-misses:
radix|16777216|3|simulation|6704|11654642.995326:|25134|branch-misses:
radix|16777216|3|simulation|6704|11654642.998867:|24904|branch-misses:
radix|16777216|3|simulation|6704|11654642.999653:|128166|cache-misses:
radix|16777216|3|simulation|6704|11654643.002414:|26400|branch-misses:
radix|16777216|3|simulation|6704|11654643.003317:|120645|cache-misses:
radix|16777216|3|simulation|6704|11654643.006101:|27860|branch-misses:
radix|16777216|3|simulation|6704|11654643.006618:|122031|cache-misses:
radix|16777216|3|simulation|6704|11654643.010329:|135750|cache-misses:
radix|16777216|3|simulation|6704|11654643.011051:|25163|branch-misses:
radix|16777216|3|simulation|6704|11654643.014603:|24830|branch-misses:
radix|16777216|3|simulation|6704|11654643.014677:|138761|cache-misses:
radix|16777216|3|simulation|6704|11654643.018120:|26550|branch-misses:
radix|16777216|3|simulation|6704|11654643.019248:|118795|cache-misses:
radix|16777216|3|simulation|6704|11654643.021801:|26189|branch-misses:
radix|16777216|3|simulation|6704|11654643.022522:|120571|cache-misses:
radix|16777216|3|simulation|6704|11654643.026200:|134765|cache-misses:
radix|16777216|3|simulation|6704|11654643.026204:|27030|branch-misses:
radix|16777216|3|simulation|6704|11654643.030061:|139067|cache-misses:
radix|16777216|3|simulation|6704|11654643.030411:|24692|branch-misses:
radix|16777216|3|simulation|6704|11654643.033914:|24959|branch-misses:
radix|16777216|3|simulation|6704|11654643.035214:|117988|cache-misses:
radix|16777216|3|simulation|6704|11654643.037462:|26030|branch-misses:
radix|16777216|3|simulation|6704|11654643.038498:|119799|cache-misses:
radix|16777216|3|simulation|6704|11654643.041107:|27623|branch-misses:
radix|16777216|3|simulation|6704|11654643.042140:|134110|cache-misses:
radix|16777216|3|simulation|6704|11654643.045824:|133790|cache-misses:
radix|16777216|3|simulation|6704|11654643.046011:|25090|branch-misses:
radix|16777216|3|simulation|6704|11654643.049555:|24853|branch-misses:
radix|16777216|3|simulation|6704|11654643.051102:|115682|cache-misses:
radix|16777216|3|simulation|6704|11654643.053119:|26251|branch-misses:
radix|16777216|3|simulation|6704|11654643.054367:|119048|cache-misses:
radix|16777216|3|simulation|6704|11654643.056809:|25740|branch-misses:
radix|16777216|3|simulation|6704|11654643.057653:|122687|cache-misses:
radix|16777216|3|simulation|6704|11654643.060444:|27311|branch-misses:
radix|16777216|3|simulation|6704|11654643.061363:|136086|cache-misses:
radix|16777216|3|simulation|6704|11654643.065337:|24716|branch-misses:
radix|16777216|3|simulation|6704|11654643.065408:|140479|cache-misses:
radix|16777216|3|simulation|6704|11654643.068855:|25353|branch-misses:
radix|16777216|3|simulation|6704|11654643.070313:|120214|cache-misses:
radix|16777216|3|simulation|6704|11654643.072448:|25891|branch-misses:
radix|16777216|3|simulation|6704|11654643.073592:|123041|cache-misses:
radix|16777216|3|simulation|6704|11654643.076080:|27531|branch-misses:
radix|16777216|3|simulation|6704|11654643.077302:|135767|cache-misses:
radix|16777216|3|simulation|6704|11654643.080972:|24977|branch-misses:
radix|16777216|3|simulation|6704|11654643.081451:|139133|cache-misses:
radix|16777216|3|simulation|6704|11654643.084519:|25115|branch-misses:
radix|16777216|3|simulation|6704|11654643.086226:|119133|cache-misses:
radix|16777216|3|simulation|6704|11654643.088102:|26044|branch-misses:
radix|16777216|3|simulation|6704|11654643.089508:|121417|cache-misses:
radix|16777216|3|simulation|6704|11654643.091733:|25701|branch-misses:
radix|16777216|3|simulation|6704|11654643.093214:|134658|cache-misses:
radix|16777216|3|simulation|6704|11654643.095379:|27268|branch-misses:
radix|16777216|3|simulation|6704|11654643.097361:|137400|cache-misses:
radix|16777216|3|simulation|6704|11654643.100244:|24892|branch-misses:
radix|16777216|3|simulation|6704|11654643.102150:|117086|cache-misses:
radix|16777216|3|simulation|6704|11654643.103792:|25499|branch-misses:
radix|16777216|3|simulation|6704|11654643.105453:|119951|cache-misses:
radix|16777216|3|simulation|6704|11654643.107452:|25537|branch-misses:
radix|16777216|3|simulation|6704|11654643.108818:|122378|cache-misses:
radix|16777216|3|simulation|6704|11654643.111171:|26715|branch-misses:
radix|16777216|3|simulation|6704|11654643.112641:|125183|cache-misses:
radix|16777216|3|simulation|6704|11654643.114970:|27959|branch-misses:
radix|16777216|3|simulation|6704|11654643.116809:|132979|cache-misses:
radix|16777216|3|simulation|6704|11654643.120113:|24771|branch-misses:
radix|16777216|3|simulation|6704|11654643.122108:|113382|cache-misses:
radix|16777216|3|simulation|6704|11654643.127506:|16812|branch-misses:
radix|16777216|3|simulation|6704|11654643.128672:|88462|cache-misses:
radix|16777216|3|simulation|6704|11654643.132359:|15847|branch-misses:
radix|16777216|3|simulation|6704|11654645.135567:|68462|cache-misses:
radix|16777216|3|simulation|6704|11654645.135900:|14645|branch-misses:
radix|16777216|3|simulation|6704|11654645.137374:|21151|branch-misses:
radix|16777216|3|simulation|6704|11654645.139066:|75687|cache-misses:
radix|16777216|3|simulation|6704|11654645.139498:|29011|branch-misses:
radix|16777216|3|simulation|6704|11654645.142400:|32630|branch-misses:
radix|16777216|3|simulation|6704|11654645.142891:|76782|cache-misses:
radix|16777216|3|simulation|6704|11654645.145648:|35091|branch-misses:
radix|16777216|3|simulation|6704|11654645.146231:|77671|cache-misses:
radix|16777216|3|simulation|6704|11654645.146962:|46900|branch-misses:
radix|16777216|3|simulation|6704|11654645.147439:|98863|cache-misses:
radix|16777216|3|simulation|6704|11654645.148399:|67655|branch-misses:
radix|16777216|3|simulation|6704|11654645.148981:|157764|cache-misses:
radix|16777216|3|simulation|6704|11654645.150464:|94042|branch-misses:
radix|16777216|3|simulation|6704|11654645.151407:|205479|cache-misses:
radix|16777216|3|simulation|6704|11654645.153319:|106562|branch-misses:
radix|16777216|3|simulation|6704|11654645.154560:|223614|cache-misses:
radix|16777216|3|simulation|6704|11654645.156537:|115001|branch-misses:
radix|16777216|3|simulation|6704|11654645.157990:|239371|cache-misses:
radix|16777216|3|simulation|6704|11654645.160023:|122196|branch-misses:
radix|16777216|3|simulation|6704|11654645.161629:|246813|cache-misses:
radix|16777216|3|simulation|6704|11654645.163681:|125866|branch-misses:
radix|16777216|3|simulation|6704|11654645.165381:|253807|cache-misses:
radix|16777216|3|simulation|6704|11654645.167453:|129076|branch-misses:
radix|16777216|3|simulation|6704|11654645.169248:|257315|cache-misses:
radix|16777216|3|simulation|6704|11654645.171312:|131094|branch-misses:
radix|16777216|3|simulation|6704|11654645.173128:|260690|cache-misses:
radix|16777216|3|simulation|6704|11654645.175211:|132542|branch-misses:
radix|16777216|3|simulation|6704|11654645.177055:|262816|cache-misses:
radix|16777216|3|simulation|6704|11654645.179175:|132954|branch-misses:
radix|16777216|3|simulation|6704|11654645.181040:|263422|cache-misses:
radix|16777216|3|simulation|6704|11654645.183126:|133684|branch-misses:
radix|16777216|3|simulation|6704|11654645.184993:|264631|cache-misses:
radix|16777216|3|simulation|6704|11654645.187117:|133887|branch-misses:
radix|16777216|3|simulation|6704|11654645.189085:|262219|cache-misses:
radix|16777216|3|simulation|6704|11654645.191165:|133205|branch-misses:
radix|16777216|3|simulation|6704|11654645.193011:|264033|cache-misses:
radix|16777216|3|simulation|6704|11654645.195116:|133952|branch-misses:
radix|16777216|3|simulation|6704|11654645.196977:|265112|cache-misses:
radix|16777216|3|simulation|6704|11654645.199089:|134332|branch-misses:
radix|16777216|3|simulation|6704|11654645.200955:|265725|cache-misses:
radix|16777216|3|simulation|6704|11654645.203055:|134842|branch-misses:
radix|16777216|3|simulation|6704|11654645.204952:|265738|cache-misses:
radix|16777216|3|simulation|6704|11654645.215214:|137622|cache-misses:
